Rule_ID,Is_Active,Priority,Dimension_ID,When_Question_ID,When_Operator,When_Value,When_Numeric_Min,When_Numeric_Max,Then_Signal_Key,Then_Signal_Value,Then_Signal_Score,Confidence_0_1,Composite_Logic,Notes
ADVR_D1_001,TRUE,10,D1,ADV_D1_002,EQUALS,CLAY,,,SOIL_TEXTURE_SIGNAL,HEAVY_CLAY,0.95,0.9,,Best water retention for AWD
ADVR_D1_002,TRUE,10,D1,ADV_D1_002,EQUALS,CLAY_LOAM,,,SOIL_TEXTURE_SIGNAL,CLAY_LOAM,0.9,0.85,,Very good for AWD
ADVR_D1_003,TRUE,10,D1,ADV_D1_002,EQUALS,LOAM,,,SOIL_TEXTURE_SIGNAL,LOAM,0.75,0.8,,Good for AWD
ADVR_D1_004,TRUE,10,D1,ADV_D1_002,EQUALS,SANDY_LOAM,,,SOIL_TEXTURE_SIGNAL,SANDY_LOAM,0.55,0.75,,Moderate - check seepage
ADVR_D1_005,TRUE,10,D1,ADV_D1_002,EQUALS,SAND,,,SOIL_TEXTURE_SIGNAL,SANDY,0.3,0.85,,Poor - high seepage risk
ADVR_D1_006,TRUE,9,D1,ADV_D1_003,EQUALS,DRAIN_1_2DAY,,,DRAINAGE_SIGNAL,EXCELLENT,0.95,0.85,,Ideal water holding
ADVR_D1_007,TRUE,9,D1,ADV_D1_003,EQUALS,DRAIN_6_24HR,,,DRAINAGE_SIGNAL,GOOD,0.85,0.85,,Good for AWD
ADVR_D1_008,TRUE,9,D1,ADV_D1_003,EQUALS,DRAIN_2PLUS,,,DRAINAGE_SIGNAL,POOR,0.75,0.8,,May waterlog - needs drainage
ADVR_D1_022,TRUE,9,D1,ADV_D1_003,EQUALS,DRAIN_1HR,,,DRAINAGE_SIGNAL,VERY_FAST,0.4,0.8,,Too fast drainage (high seepage) for AWD
ADVR_D1_023,TRUE,9,D1,ADV_D1_003,EQUALS,DRAIN_1_6HR,,,DRAINAGE_SIGNAL,MODERATE,0.7,0.8,,Acceptable drainage class for AWD
ADVR_D1_009,TRUE,10,D1,ADV_D1_006,EQUALS,YES,,,SOIL_TEST_AVAILABLE,YES,1,0.95,,Routing signal for soil test availability
ADVR_D1_010,TRUE,10,D1,ADV_D1_006,EQUALS,NO,,,SOIL_TEST_AVAILABLE,NO,1,0.95,,Routing signal for soil test availability
ADVR_D1_011,TRUE,10,D1,ADV_D1_004,GREATER_EQUAL,,1.5,,SOC_LEVEL,HIGH,0.9,0.95,,Measured SOC high
ADVR_D1_012,TRUE,10,D1,ADV_D1_004,BETWEEN,,0.75,1.5,SOC_LEVEL,MEDIUM,0.7,0.95,,Measured SOC medium
ADVR_D1_013,TRUE,10,D1,ADV_D1_004,LESS,,0.75,,SOC_LEVEL,LOW,0.45,0.95,,Measured SOC low
ADVR_D1_014,TRUE,8,D1,ADV_D1_009,EQUALS,DARK_BLACK,,,SOC_PROXY,HIGH,0.75,0.65,,Proxy SOC high (soil color)
ADVR_D1_015,TRUE,8,D1,ADV_D1_009,EQUALS,BROWN,,,SOC_PROXY,MEDIUM,0.55,0.65,,Proxy SOC medium (soil color)
ADVR_D1_016,TRUE,8,D1,ADV_D1_009,EQUALS,LIGHT_BROWN,,,SOC_PROXY,LOW,0.35,0.65,,Proxy SOC low (soil color)
ADVR_D1_024,TRUE,8,D1,ADV_D1_009,EQUALS,GREY,,,SOC_PROXY,VERY_LOW,0.25,0.65,,Proxy SOC very low
ADVR_D1_025,TRUE,8,D1,ADV_D1_009,EQUALS,RED,,,SOC_PROXY,LOW_OXIDIZED,0.3,0.65,,Proxy low SOC (oxidized/lateritic)
ADVR_D1_017,TRUE,9,D1,ADV_D1_004,EQUALS,FLAT,,,SLOPE_CLASS,FLAT,1,0.9,,Perfect for water management
ADVR_D1_018,TRUE,9,D1,ADV_D1_004,EQUALS,GENTLE,,,SLOPE_CLASS,GENTLE,0.85,0.9,,Minor leveling may help
ADVR_D1_026,TRUE,9,D1,ADV_D1_004,EQUALS,MODERATE,,,SLOPE_CLASS,MODERATE,0.6,0.9,,Moderate slope—bunding/leveling needed
ADVR_D1_019,TRUE,9,D1,ADV_D1_004,EQUALS,STEEP,,,SLOPE_CLASS,STEEP,0.3,0.9,,Needs terracing for AWD
ADVR_D1_020,TRUE,8,D1,ADV_D1_005,EQUALS,NONE,,,WATERLOG_RISK,NONE,1,0.85,,No waterlogging issues
ADVR_D1_027,TRUE,8,D1,ADV_D1_005,EQUALS,LESS_10,,,WATERLOG_RISK,LOW,0.85,0.85,,Minor waterlogging
ADVR_D1_028,TRUE,8,D1,ADV_D1_005,EQUALS,PCT_10_25,,,WATERLOG_RISK,MODERATE,0.65,0.85,,Moderate waterlogging
ADVR_D1_029,TRUE,8,D1,ADV_D1_005,EQUALS,PCT_25_50,,,WATERLOG_RISK,HIGH,0.4,0.85,,Significant waterlogging
ADVR_D1_021,TRUE,8,D1,ADV_D1_005,EQUALS,MORE_50,,,WATERLOG_RISK,SEVERE,0.2,0.85,,Major drainage problem
ADVR_D1_030,TRUE,10,D1,ADV_D1_001,EQUALS,RICE,,,CROP_SELECTED,RICE,1,0.95,,Rice selected (AWD applicable)
ADVR_D1_031,TRUE,10,D1,ADV_D1_001,EQUALS,OTHERS,,,CROP_SELECTED,OTHERS,0,0.95,,Non-rice crop selected (AWD not applicable)
ADVR_D2_001,TRUE,10,D2,ADV_D2_001,EQUALS,OWN_TUBE_ELEC,,,IRRIGATION_SOURCE,OWN_TUBE_ELECTRIC,1,0.95,,Best control + low cost
ADVR_D2_002,TRUE,10,D2,ADV_D2_001,EQUALS,OWN_TUBE_DIESEL,,,IRRIGATION_SOURCE,OWN_TUBE_DIESEL,0.85,0.95,,"Full control, higher cost"
ADVR_D2_016,TRUE,10,D2,ADV_D2_001,EQUALS,SHARED_TUBE,,,IRRIGATION_SOURCE,SHARED_TUBEWELL,0.7,0.9,,Shared tubewell—coordination risk
ADVR_D2_003,TRUE,10,D2,ADV_D2_001,EQUALS,CANAL,,,IRRIGATION_SOURCE,CANAL,0.45,0.9,,Limited AWD feasibility
ADVR_D2_004,TRUE,10,D2,ADV_D2_001,EQUALS,RAINFED,,,IRRIGATION_SOURCE,RAINFED,0.1,0.95,,AWD not applicable
ADVR_D2_005,TRUE,10,D2,ADV_D2_002,EQUALS,FULL_CONTROL,,,IRRIGATION_CONTROL,FULL_CONTROL,1,0.95,,Critical for AWD success
ADVR_D2_006,TRUE,10,D2,ADV_D2_002,EQUALS,SHARED_SCHEDULE,,,IRRIGATION_CONTROL,SHARED_SCHEDULE,0.75,0.9,,Coordination needed
ADVR_D2_007,TRUE,10,D2,ADV_D2_002,EQUALS,CANAL_SCHEDULE,,,IRRIGATION_CONTROL,CANAL_SCHEDULE,0.4,0.9,,AWD difficult
ADVR_D2_008,TRUE,10,D2,ADV_D2_002,EQUALS,NO_CONTROL,,,IRRIGATION_CONTROL,NO_CONTROL,0.15,0.95,,AWD not feasible
ADVR_D2_009,TRUE,9,D2,ADV_D2_003,EQUALS,EXCELLENT,,,BUND_CONDITION,EXCELLENT,1,0.95,,Perfect water retention
ADVR_D2_017,TRUE,9,D2,ADV_D2_003,EQUALS,GOOD,,,BUND_CONDITION,GOOD,0.85,0.9,,Adequate bund condition
ADVR_D2_018,TRUE,9,D2,ADV_D2_003,EQUALS,MINOR_LEAKS,,,BUND_CONDITION,MINOR_LEAKS,0.6,0.85,,Repairable; some loss
ADVR_D2_010,TRUE,9,D2,ADV_D2_003,EQUALS,POOR,,,BUND_CONDITION,POOR,0.3,0.9,,Needs major repair
ADVR_D2_011,TRUE,9,D2,ADV_D2_003,EQUALS,NO_BUNDS,,,BUND_CONDITION,NONE,0.1,0.95,,Cannot retain water
ADVR_D2_012,TRUE,8,D2,ADV_D2_004,EQUALS,LASER_LEVELED,,,LEVELING_STATUS,LASER,1,0.95,,Perfect uniformity
ADVR_D2_019,TRUE,8,D2,ADV_D2_004,EQUALS,WELL_LEVELED,,,LEVELING_STATUS,GOOD,0.85,0.9,,Good enough leveling
ADVR_D2_020,TRUE,8,D2,ADV_D2_004,EQUALS,MODERATE,,,LEVELING_STATUS,MODERATE,0.65,0.85,,Moderate leveling
ADVR_D2_013,TRUE,8,D2,ADV_D2_004,EQUALS,UNEVEN,,,LEVELING_STATUS,POOR,0.4,0.9,,Needs leveling investment
ADVR_D2_014,TRUE,9,D2,ADV_D2_005,EQUALS,YES,,,MONITORING_CAPACITY,YES,1,0.9,,Can implement AWD properly
ADVR_D2_021,TRUE,9,D2,ADV_D2_005,EQUALS,NEED_TRAINING,,,MONITORING_CAPACITY,NEED_TRAINING,0.8,0.85,,Trainable monitoring capacity
ADVR_D2_015,TRUE,9,D2,ADV_D2_005,EQUALS,NO,,,MONITORING_CAPACITY,NO,0.4,0.85,,Major training needed
ADVR_D3_001,TRUE,7,D3,ADV_D3_001,LESS_EQUAL,,10,,KVK_ACCESS,NEAR,0.9,0.85,,Strong extension access
ADVR_D3_007,TRUE,7,D3,ADV_D3_001,BETWEEN,,10,50,KVK_ACCESS,MID,0.65,0.85,,Moderate extension access
ADVR_D3_002,TRUE,7,D3,ADV_D3_001,GREATER,,50,,KVK_ACCESS,FAR,0.4,0.85,,Weak extension access
ADVR_D3_003,TRUE,7,D3,ADV_D3_002,EQUALS,FREQUENT,,,EXTENSION_CONTACT,STRONG,0.95,0.85,,Active extension support
ADVR_D3_008,TRUE,7,D3,ADV_D3_002,EQUALS,MODERATE,,,EXTENSION_CONTACT,MODERATE,0.75,0.85,,Some extension support
ADVR_D3_009,TRUE,7,D3,ADV_D3_002,EQUALS,RARE,,,EXTENSION_CONTACT,WEAK,0.5,0.85,,Weak extension support
ADVR_D3_004,TRUE,7,D3,ADV_D3_002,EQUALS,NONE,,,EXTENSION_CONTACT,NONE,0.25,0.85,,No extension access
ADVR_D3_005,TRUE,8,D3,ADV_D3_003,EQUALS,COMMON,,,AWD_PEER_LEARNING,STRONG,1,0.85,,Strong peer network
ADVR_D3_010,TRUE,8,D3,ADV_D3_003,EQUALS,SOME,,,AWD_PEER_LEARNING,MODERATE,0.75,0.85,,Growing adoption
ADVR_D3_011,TRUE,8,D3,ADV_D3_003,EQUALS,FEW,,,AWD_PEER_LEARNING,WEAK,0.5,0.85,,Early stage adoption
ADVR_D3_006,TRUE,8,D3,ADV_D3_003,EQUALS,NONE,,,AWD_PEER_LEARNING,PIONEER,0.3,0.85,,First adopter - higher risk
ADVR_D4_001,TRUE,10,D4,ADV_D4_001,EQUALS,OWNED_CLEAR,,,LAND_TENURE,OWNED_CLEAR,1,0.95,,Eligible for carbon
ADVR_D4_015,TRUE,10,D4,ADV_D4_001,EQUALS,OWNED_DISPUTED,,,LAND_TENURE,OWNED_DISPUTED,0.6,0.85,,Ownership dispute—verification needed
ADVR_D4_002,TRUE,10,D4,ADV_D4_001,EQUALS,LEASED_LONG,,,LAND_TENURE,LEASED_5PLUS,0.85,0.9,,Acceptable for carbon
ADVR_D4_014,TRUE,10,D4,ADV_D4_001,EQUALS,LEASED_SHORT,,,LAND_TENURE,LEASED_SHORT,0.4,0.9,,Short lease—weak permanence
ADVR_D4_003,TRUE,10,D4,ADV_D4_001,EQUALS,SHARECROP,,,LAND_TENURE,SHARECROP,0.2,0.95,,Not eligible for carbon
ADVR_D4_004,TRUE,10,D4,ADV_D4_002,EQUALS,YES,,,LAND_DOCUMENTS,YES,1,0.95,,Ready for verification
ADVR_D4_005,TRUE,10,D4,ADV_D4_002,EQUALS,NO,,,LAND_DOCUMENTS,NO,0.3,0.95,,Must obtain documents
ADVR_D4_006,TRUE,10,D4,ADV_D4_003,EQUALS,CONTINUOUS_FLOOD,,,BASELINE_PRACTICE,CONTINUOUS_FLOOD,1,0.95,,AWD baseline eligible
ADVR_D4_016,TRUE,10,D4,ADV_D4_003,EQUALS,INTERMITTENT,,,BASELINE_PRACTICE,INTERMITTENT,0.75,0.9,,Partial baseline—eligibility depends on definition
ADVR_D4_007,TRUE,10,D4,ADV_D4_003,EQUALS,AWD_ALREADY,,,BASELINE_PRACTICE,AWD_ALREADY,0.3,0.95,,No additionality for AWD credits
ADVR_D4_008,TRUE,10,D4,ADV_D4_003,EQUALS,AEROBIC,,,BASELINE_PRACTICE,AEROBIC,0.2,0.95,,AWD not applicable
ADVR_D4_009,TRUE,10,D4,ADV_D4_003,EQUALS,RAINFED,,,BASELINE_PRACTICE,RAINFED,0.1,0.95,,AWD not applicable
ADVR_D4_010,TRUE,9,D4,ADV_D4_004,GREATER_EQUAL,,3,,BASELINE_YEARS,ESTABLISHED,1,0.95,,Baseline established
ADVR_D4_011,TRUE,9,D4,ADV_D4_004,LESS,,3,,BASELINE_YEARS,SHORT,0.6,0.9,,Baseline unclear/short
ADVR_D4_012,TRUE,9,D4,ADV_D4_006,EQUALS,YES,,,COMMITMENT_5YR,YES,1,0.95,,Meets AWD carbon requirement
ADVR_D4_017,TRUE,9,D4,ADV_D4_006,EQUALS,UNSURE,,,COMMITMENT_5YR,UNSURE,0.6,0.85,,Conditional commitment—counseling needed
ADVR_D4_013,TRUE,9,D4,ADV_D4_006,EQUALS,NO,,,COMMITMENT_5YR,NO,0.3,0.95,,Not eligible for AWD carbon
ADVR_D4_018,TRUE,9,D4,ADV_D4_007,EQUALS,YES,,,BIO_NO_OPEN_BURNING_COMMIT,YES,1,0.9,,Biochar integrity commitment
ADVR_D4_019,TRUE,9,D4,ADV_D4_007,EQUALS,NO,,,BIO_NO_OPEN_BURNING_COMMIT,NO,1,0.9,,Biochar integrity risk
ADVR_D4_020,TRUE,10,D4,ADV_D4_008,EQUALS,YES,,,ERW_TRACEABILITY_WILLINGNESS,YES,1,0.9,,ERW MRV ready
ADVR_D4_021,TRUE,10,D4,ADV_D4_008,EQUALS,YES_WITH_HELP,,,ERW_TRACEABILITY_WILLINGNESS,YES_WITH_HELP,0.85,0.85,,ERW MRV feasible with support
ADVR_D4_022,TRUE,10,D4,ADV_D4_008,EQUALS,DIFFICULT,,,ERW_TRACEABILITY_WILLINGNESS,DIFFICULT,0.45,0.8,,ERW MRV risk
ADVR_D4_023,TRUE,10,D4,ADV_D4_008,EQUALS,NO,,,ERW_TRACEABILITY_WILLINGNESS,NO,0.1,0.9,,ERW MRV not feasible
ADVR_D4_024,TRUE,9,D4,ADV_D4_009,EQUALS,YES,,,REGEN_COMMITMENT,YES,1,0.9,,Regen commitment yes
ADVR_D4_025,TRUE,9,D4,ADV_D4_009,EQUALS,DEPENDS,,,REGEN_COMMITMENT,DEPENDS,1,0.85,,Regen commitment conditional
ADVR_D4_026,TRUE,9,D4,ADV_D4_009,EQUALS,NO,,,REGEN_COMMITMENT,NO,1,0.95,,Regen commitment no
ADVR_D4_027,TRUE,10,D4,ADV_D4_010,EQUALS,YES,,,PROGRAM_CONSENT,YES,1,0.95,,Consent granted
ADVR_D4_028,TRUE,10,D4,ADV_D4_010,EQUALS,MAYBE,,,PROGRAM_CONSENT,MAYBE,1,0.9,,Consent conditional
ADVR_D4_029,TRUE,10,D4,ADV_D4_010,EQUALS,NO,,,PROGRAM_CONSENT,NO,1,0.95,,Consent denied (flag)
ADVR_D4_030,TRUE,10,D4,ADV_D4_011,EQUALS,YES,,,BIOCHAR_TRACEABILITY_WILLINGNESS,YES,1,0.9,,Biochar MRV ready
ADVR_D4_031,TRUE,10,D4,ADV_D4_011,EQUALS,YES_WITH_HELP,,,BIOCHAR_TRACEABILITY_WILLINGNESS,YES_WITH_HELP,0.85,0.85,,Biochar MRV feasible with support
ADVR_D4_032,TRUE,10,D4,ADV_D4_011,EQUALS,DIFFICULT,,,BIOCHAR_TRACEABILITY_WILLINGNESS,DIFFICULT,0.45,0.8,,Biochar MRV risk
ADVR_D4_033,TRUE,10,D4,ADV_D4_011,EQUALS,NO,,,BIOCHAR_TRACEABILITY_WILLINGNESS,NO,0.1,0.9,,Biochar MRV not feasible
ADVR_D5_001,TRUE,9,D5,ADV_D5_001,GREATER_EQUAL,,4,,YIELD_LEVEL,HIGH,0.9,0.9,,Good productivity
ADVR_D5_009,TRUE,9,D5,ADV_D5_001,BETWEEN,,2.5,4,YIELD_LEVEL,MEDIUM,0.7,0.9,,Moderate yield level
ADVR_D5_002,TRUE,9,D5,ADV_D5_001,LESS,,2.5,,YIELD_LEVEL,LOW,0.5,0.9,,Risk of yield decline concern
ADVR_D5_003,TRUE,9,D5,ADV_D5_002,LESS_EQUAL,,15000,,IRRIGATION_COST,LOW,0.9,0.85,,Low cost baseline (savings potential)
ADVR_D5_010,TRUE,9,D5,ADV_D5_002,BETWEEN,,15000,40000,IRRIGATION_COST,MEDIUM,0.75,0.85,,Moderate cost baseline
ADVR_D5_004,TRUE,9,D5,ADV_D5_002,GREATER,,40000,,IRRIGATION_COST,HIGH,0.95,0.85,,High cost baseline (high savings potential)
ADVR_D5_005,TRUE,8,D5,ADV_D5_003,EQUALS,FAMILY_ADEQUATE,,,LABOR_AVAILABILITY,ADEQUATE,1,0.9,,Can manage monitoring
ADVR_D5_011,TRUE,8,D5,ADV_D5_003,EQUALS,FAMILY_SOME,,,LABOR_AVAILABILITY,SOME,0.75,0.85,,Some labor available
ADVR_D5_012,TRUE,8,D5,ADV_D5_003,EQUALS,NEED_HIRE,,,LABOR_AVAILABILITY,NEED_HIRE,0.55,0.85,,Requires hired labor
ADVR_D5_006,TRUE,8,D5,ADV_D5_003,EQUALS,DIFFICULT,,,LABOR_AVAILABILITY,DIFFICULT,0.35,0.85,,Major constraint
ADVR_D5_008,TRUE,8,D5,ADV_D5_004,EQUALS,MORE_50K,,,INVESTMENT_CAPACITY,HIGH,0.9,0.9,,Can co-invest
ADVR_D5_013,TRUE,8,D5,ADV_D5_004,EQUALS,INR_25_50K,,,INVESTMENT_CAPACITY,MEDIUM_HIGH,0.75,0.9,,Good capacity
ADVR_D5_014,TRUE,8,D5,ADV_D5_004,EQUALS,INR_10_25K,,,INVESTMENT_CAPACITY,MEDIUM,0.6,0.9,,Moderate capacity
ADVR_D5_015,TRUE,8,D5,ADV_D5_004,EQUALS,LESS_10K,,,INVESTMENT_CAPACITY,LOW,0.4,0.85,,Low capacity
ADVR_D5_007,TRUE,8,D5,ADV_D5_004,EQUALS,NONE,,,INVESTMENT_CAPACITY,NONE,0.2,0.9,,Needs full subsidy
ADVR_D6_003,TRUE,9,D6,ADV_D6_001,LESS,,0.5,,SCALE_CARBON,SMALL,0.6,0.9,,Limited carbon potential
ADVR_D6_001,TRUE,9,D6,ADV_D6_001,GREATER_EQUAL,,2,,SCALE_CARBON,MEDIUM_PLUS,0.85,0.95,,Good carbon potential
ADVR_D6_002,TRUE,9,D6,ADV_D6_001,GREATER_EQUAL,,5,,SCALE_CARBON,LARGE,1,0.95,,High carbon potential
ADVR_D6_005,TRUE,10,D6,ADV_D6_002,EQUALS,ONE,,,RICE_SEASONS,ONE,0.7,0.95,,Single season carbon
ADVR_D6_004,TRUE,10,D6,ADV_D6_002,EQUALS,TWO,,,RICE_SEASONS,TWO,1,0.95,,Double carbon potential
ADVR_D6_006,TRUE,9,D6,ADV_D6_004,EQUALS,YES,,,PREVIOUS_CARBON,YES,0.4,0.9,,Check double-counting
ADVR_D6_007,TRUE,9,D6,ADV_D6_004,EQUALS,NO,,,PREVIOUS_CARBON,NO,1,0.95,,No conflict
ADVR_D6_008,TRUE,9,D6,ADV_D6_005,EQUALS,WITHIN_2_WEEKS,,,NEXT_SEASON_START,WITHIN_2_WEEKS,1,0.9,,Cohort scheduling: immediate window
ADVR_D6_009,TRUE,9,D6,ADV_D6_005,EQUALS,WITHIN_1_MONTH,,,NEXT_SEASON_START,WITHIN_1_MONTH,1,0.9,,Cohort scheduling: near-term
ADVR_D6_010,TRUE,9,D6,ADV_D6_005,EQUALS,IN_1_3_MONTHS,,,NEXT_SEASON_START,IN_1_3_MONTHS,1,0.85,,Cohort scheduling: medium-term
ADVR_D6_011,TRUE,9,D6,ADV_D6_005,EQUALS,IN_3_6_MONTHS,,,NEXT_SEASON_START,IN_3_6_MONTHS,1,0.85,,Cohort scheduling: later window
ADVR_D6_012,TRUE,9,D6,ADV_D6_005,EQUALS,NOT_SURE,,,NEXT_SEASON_START,NOT_SURE,1,0.8,,Cohort scheduling: uncertain (follow-up)
ADVR_I1_001,TRUE,7,I1,ADV_I1_002,EQUALS,GRADUATE,,,EDUCATION_LEVEL,GRADUATE,0.95,0.85,,High capacity
ADVR_I1_007,TRUE,7,I1,ADV_I1_002,EQUALS,SECONDARY,,,EDUCATION_LEVEL,SECONDARY,0.85,0.85,,Good capacity
ADVR_I1_008,TRUE,7,I1,ADV_I1_002,EQUALS,PRIMARY,,,EDUCATION_LEVEL,PRIMARY,0.7,0.8,,Moderate capacity
ADVR_I1_009,TRUE,7,I1,ADV_I1_002,EQUALS,LITERATE,,,EDUCATION_LEVEL,LITERATE,0.6,0.75,,Basic capacity
ADVR_I1_002,TRUE,7,I1,ADV_I1_002,EQUALS,ILLITERATE,,,EDUCATION_LEVEL,ILLITERATE,0.45,0.8,,Needs support person
ADVR_I1_003,TRUE,7,I1,ADV_I1_005,EQUALS,YES_MANY,,,INNOVATION_HISTORY,INNOVATOR,0.95,0.85,,Early adopter
ADVR_I1_010,TRUE,7,I1,ADV_I1_005,EQUALS,YES_FEW,,,INNOVATION_HISTORY,OPEN_TO_CHANGE,0.8,0.85,,Open to change
ADVR_I1_004,TRUE,7,I1,ADV_I1_005,EQUALS,NO,,,INNOVATION_HISTORY,TRADITIONAL,0.5,0.85,,Conservative
ADVR_I1_005,TRUE,8,I1,ADV_I1_004,EQUALS,YES_COMFORTABLE,,,RECORD_KEEPING,YES,1,0.9,,MRV ready
ADVR_I1_011,TRUE,8,I1,ADV_I1_004,EQUALS,YES_WITH_HELP,,,RECORD_KEEPING,YES_WITH_HELP,0.8,0.85,,MRV feasible with support
ADVR_I1_012,TRUE,8,I1,ADV_I1_004,EQUALS,DIFFICULT,,,RECORD_KEEPING,DIFFICULT,0.55,0.85,,MRV difficult; needs simplification
ADVR_I1_006,TRUE,8,I1,ADV_I1_004,EQUALS,NO,,,RECORD_KEEPING,NO,0.3,0.85,,Major MRV constraint
ADVR_I2_001,TRUE,9,I2,ADV_I2_002,EQUALS,YES,,,DAILY_MONITORING,YES,1,0.9,,Critical for AWD
ADVR_I2_003,TRUE,9,I2,ADV_I2_002,EQUALS,MOST_DAYS,,,DAILY_MONITORING,MOST_DAYS,0.85,0.85,,Acceptable monitoring frequency
ADVR_I2_002,TRUE,9,I2,ADV_I2_002,EQUALS,NO,,,DAILY_MONITORING,NO,0.5,0.85,,Major constraint
ADVR_I3_001,TRUE,7,I3,ADV_I3_003,EQUALS,NO_DEBT,,,DEBT_STATUS,NO_DEBT,1,0.85,,Best financial health
ADVR_I3_005,TRUE,7,I3,ADV_I3_003,EQUALS,MANAGEABLE,,,DEBT_STATUS,MANAGEABLE,0.8,0.85,,Good
ADVR_I3_006,TRUE,7,I3,ADV_I3_003,EQUALS,HIGH,,,DEBT_STATUS,HIGH,0.5,0.85,,Financial stress
ADVR_I3_002,TRUE,7,I3,ADV_I3_003,EQUALS,VERY_HIGH,,,DEBT_STATUS,VERY_HIGH,0.25,0.85,,High risk
ADVR_I3_003,TRUE,8,I3,ADV_I3_005,EQUALS,YES,,,COINVESTMENT_WILLING,YES,1,0.9,,Strong commitment
ADVR_I3_007,TRUE,8,I3,ADV_I3_005,EQUALS,MAYBE,,,COINVESTMENT_WILLING,MAYBE,0.7,0.85,,Conditional co-investment
ADVR_I3_004,TRUE,8,I3,ADV_I3_005,EQUALS,NO,,,COINVESTMENT_WILLING,NO,0.4,0.85,,Needs full subsidy
ADVR_I4_001,TRUE,7,I4,ADV_I4_003,EQUALS,HIGH,,,RISK_TOLERANCE,HIGH,0.95,0.85,,Early adopter
ADVR_I4_003,TRUE,7,I4,ADV_I4_003,EQUALS,MODERATE,,,RISK_TOLERANCE,MODERATE,0.75,0.85,,Follower
ADVR_I4_004,TRUE,7,I4,ADV_I4_003,EQUALS,LOW,,,RISK_TOLERANCE,LOW,0.55,0.85,,Risk averse
ADVR_I4_002,TRUE,7,I4,ADV_I4_003,EQUALS,VERY_LOW,,,RISK_TOLERANCE,VERY_LOW,0.35,0.85,,Very conservative
ADVR_I5_001,TRUE,7,I5,ADV_I5_001,EQUALS,YES,,,FARMER_GROUP_MEMBER,YES,0.9,0.85,,Collective support
ADVR_I5_002,TRUE,7,I5,ADV_I5_005,EQUALS,YES,,,TRAINER_WILLINGNESS,YES,0.95,0.8,,Peer trainer potential
ADVR_I5_003,TRUE,8,I5,ADV_I5_004,EQUALS,INTENSIVE,,,SUPPORT_LEVEL_GENERAL,INTENSIVE,0.8,0.85,,Preferred support level: high-touch
ADVR_I5_004,TRUE,8,I5,ADV_I5_004,EQUALS,MODERATE,,,SUPPORT_LEVEL_GENERAL,MODERATE,0.9,0.85,,Preferred support level: balanced
ADVR_I5_005,TRUE,8,I5,ADV_I5_004,EQUALS,MINIMAL,,,SUPPORT_LEVEL_GENERAL,MINIMAL,0.75,0.85,,Preferred support level: light-touch
ADVR_I5_006,TRUE,8,I5,ADV_I5_004,EQUALS,SELF,,,SUPPORT_LEVEL_GENERAL,SELF,0.6,0.8,,Preferred support level: self-managed
ADVR_D4_034,TRUE,10,D4,ADV_D4_006,EQUALS,YES,,,COMMITMENT_5YR,YES,1,0.95,,Meets AWD carbon 5yr commitment
ADVR_D4_035,TRUE,10,D4,ADV_D4_006,EQUALS,NO,,,COMMITMENT_5YR,NO,0.3,0.95,,Not eligible for AWD carbon
ADVR_D4_036,TRUE,10,D4,ADV_D4_006,EQUALS,UNSURE,,,COMMITMENT_5YR,UNSURE,0.6,0.85,,Conditional participant
ADVR_D4_037,TRUE,10,D4,ADV_D4_007,EQUALS,YES,,,BIO_NO_OPEN_BURNING_COMMIT,YES,1,0.9,,Biochar integrity commitment
ADVR_D4_038,TRUE,10,D4,ADV_D4_007,EQUALS,NO,,,BIO_NO_OPEN_BURNING_COMMIT,NO,0.1,0.9,,Biochar integrity risk
ADVR_D7_028,TRUE,8,D7,ADV_D7_008,EQUALS,YES,,,REGEN_WILLINGNESS,YES,0.9,0.8,,Willing to try new soil-health practices
ADVR_D7_029,TRUE,8,D7,ADV_D7_008,EQUALS,MAYBE,,,REGEN_WILLINGNESS,MAYBE,0.6,0.75,,Conditional willingness
ADVR_D7_030,TRUE,8,D7,ADV_D7_008,EQUALS,NO,,,REGEN_WILLINGNESS,NO,0.2,0.8,,Not willing
ADVR_D8_019,TRUE,8,D8,ADV_D8_005,EQUALS,YES_TRACTOR_TILL,,,ERW_INCORPORATION_ABILITY,STRONG,0.9,0.85,,Good incorporation
ADVR_D8_020,TRUE,8,D8,ADV_D8_005,EQUALS,YES_LIGHT_TILL,,,ERW_INCORPORATION_ABILITY,MODERATE,0.7,0.8,,Moderate incorporation
ADVR_D8_021,TRUE,8,D8,ADV_D8_005,EQUALS,NO_ZERO_TILL_ONLY,,,ERW_INCORPORATION_ABILITY,LOW,0.35,0.85,,Incorporation constrained
ADVR_D8_022,TRUE,8,D8,ADV_D8_005,EQUALS,UNSURE,,,ERW_INCORPORATION_ABILITY,UNSURE,0.45,0.75,,Needs planning
ADVR_D8_023,TRUE,7,D8,ADV_D8_006,EQUALS,RELIABLE,,,ERW_MOISTURE_RELIABILITY,RELIABLE,0.9,0.8,,Good moisture support
ADVR_D8_024,TRUE,7,D8,ADV_D8_006,EQUALS,SOMETIMES,,,ERW_MOISTURE_RELIABILITY,SOMETIMES,0.65,0.75,,Moderate moisture
ADVR_D8_025,TRUE,7,D8,ADV_D8_006,EQUALS,RARE,,,ERW_MOISTURE_RELIABILITY,RARE,0.35,0.8,,Limited moisture
ADVR_D8_026,TRUE,7,D8,ADV_D8_006,EQUALS,NONE,,,ERW_MOISTURE_RELIABILITY,NONE,0.2,0.85,,Low moisture support
ADVR_D8_027,TRUE,9,D8,ADV_D8_007,EQUALS,YES,,,ERW_TRACEABILITY_WILLINGNESS,YES,1,0.9,,ERW MRV ready
ADVR_D8_028,TRUE,9,D8,ADV_D8_007,EQUALS,YES_WITH_HELP,,,ERW_TRACEABILITY_WILLINGNESS,YES_WITH_HELP,0.85,0.85,,ERW MRV with support
ADVR_D8_029,TRUE,9,D8,ADV_D8_007,EQUALS,DIFFICULT,,,ERW_TRACEABILITY_WILLINGNESS,DIFFICULT,0.45,0.8,,ERW MRV risk
ADVR_D8_030,TRUE,9,D8,ADV_D8_007,EQUALS,NO,,,ERW_TRACEABILITY_WILLINGNESS,NO,0.1,0.9,,ERW MRV not feasible
ADVR_D10_025,TRUE,8,D10,ADV_D10_006,EQUALS,MIX_WITH_MANURE,,,BIO_APPLICATION_METHOD,MIX_WITH_MANURE,0.95,0.9,,Best practice
ADVR_D10_026,TRUE,8,D10,ADV_D10_006,EQUALS,BROADCAST_AND_INCORPORATE,,,BIO_APPLICATION_METHOD,BROADCAST_AND_INCORPORATE,0.8,0.85,,Good method
ADVR_D10_027,TRUE,8,D10,ADV_D10_006,EQUALS,BAND_ROW,,,BIO_APPLICATION_METHOD,BAND_ROW,0.65,0.85,,Targeted
ADVR_D10_028,TRUE,8,D10,ADV_D10_006,EQUALS,ONLY_TOPDRESS,,,BIO_APPLICATION_METHOD,ONLY_TOPDRESS,0.4,0.8,,Less effective
ADVR_D10_029,TRUE,8,D10,ADV_D10_006,EQUALS,NOT_SURE,,,BIO_APPLICATION_METHOD,NOT_SURE,0.45,0.75,,Training needed
ADVR_D10_030,TRUE,7,D10,ADV_D10_007,EQUALS,LOW_WATER_HOLDING,,,BIO_PRIORITY_SOIL_PROBLEM,LOW_WATER_HOLDING,0.9,0.85,,Strong biochar fit
ADVR_D10_031,TRUE,7,D10,ADV_D10_007,EQUALS,LOW_FERTILITY,,,BIO_PRIORITY_SOIL_PROBLEM,LOW_FERTILITY,0.85,0.85,,Good biochar fit
ADVR_D10_032,TRUE,7,D10,ADV_D10_007,EQUALS,ACIDIC,,,BIO_PRIORITY_SOIL_PROBLEM,ACIDIC,0.8,0.8,,Context-dependent
ADVR_D10_033,TRUE,7,D10,ADV_D10_007,EQUALS,SALINITY_HARDNESS,,,BIO_PRIORITY_SOIL_PROBLEM,SALINITY_HARDNESS,0.45,0.75,,Context-specific
ADVR_D10_034,TRUE,7,D10,ADV_D10_007,EQUALS,HARD_SOIL,,,BIO_PRIORITY_SOIL_PROBLEM,HARD_SOIL,0.6,0.8,,May help structure
ADVR_D10_035,TRUE,7,D10,ADV_D10_007,EQUALS,NONE,,,BIO_PRIORITY_SOIL_PROBLEM,NONE,0.35,0.75,,Motivation unclear
ADVR_D10_036,TRUE,9,D10,ADV_D10_008,EQUALS,YES,,,BIO_NO_OPEN_BURNING_COMMIT,YES,1,0.9,,Integrity supported
ADVR_D10_037,TRUE,9,D10,ADV_D10_008,EQUALS,NO,,,BIO_NO_OPEN_BURNING_COMMIT,NO,0.1,0.9,,Integrity risk
ADVR_D10_038,TRUE,9,D10,ADV_D10_009,EQUALS,YES,,,BIOCHAR_TRACEABILITY_WILLINGNESS,YES,1,0.9,,Biochar MRV ready
ADVR_D10_039,TRUE,9,D10,ADV_D10_009,EQUALS,YES_WITH_HELP,,,BIOCHAR_TRACEABILITY_WILLINGNESS,YES_WITH_HELP,0.85,0.85,,MRV with support
ADVR_D10_040,TRUE,9,D10,ADV_D10_009,EQUALS,DIFFICULT,,,BIOCHAR_TRACEABILITY_WILLINGNESS,DIFFICULT,0.45,0.8,,MRV risk
ADVR_D10_041,TRUE,9,D10,ADV_D10_009,EQUALS,NO,,,BIOCHAR_TRACEABILITY_WILLINGNESS,NO,0.1,0.9,,MRV not feasible
ADVR_D10_042,TRUE,9,D10,ADV_D10_010,EQUALS,YES_ENTHUSIASTIC,,,BIO_OVERALL_WILLINGNESS,YES,0.9,0.85,,Strong biochar interest
ADVR_D10_043,TRUE,9,D10,ADV_D10_010,EQUALS,MAYBE,,,BIO_OVERALL_WILLINGNESS,MAYBE,0.6,0.8,,Conditional interest
ADVR_D10_044,TRUE,9,D10,ADV_D10_010,EQUALS,NO,,,BIO_OVERALL_WILLINGNESS,NO,0.15,0.85,,Low biochar interest
ADVR_I2_007,TRUE,6,I2,ADV_I2_005,EQUALS,LABOR,,,OPS_BOTTLENECK,LABOR,0.5,0.8,,Labor bottleneck
ADVR_I2_008,TRUE,6,I2,ADV_I2_005,EQUALS,EQUIPMENT,,,OPS_BOTTLENECK,EQUIPMENT,0.5,0.8,,Equipment bottleneck
ADVR_I2_009,TRUE,6,I2,ADV_I2_005,EQUALS,WATER,,,OPS_BOTTLENECK,WATER,0.5,0.8,,Water bottleneck
ADVR_I2_010,TRUE,6,I2,ADV_I2_005,EQUALS,TIME,,,OPS_BOTTLENECK,TIME,0.5,0.8,,Time bottleneck
ADVR_I2_011,TRUE,6,I2,ADV_I2_005,EQUALS,FINANCE,,,OPS_BOTTLENECK,FINANCE,0.5,0.8,,Finance bottleneck
ADVR_I2_012,TRUE,6,I2,ADV_I2_005,EQUALS,NONE,,,OPS_BOTTLENECK,NONE,0.9,0.8,,No bottleneck
ADVR_I3_019,TRUE,6,I3,ADV_I3_006,EQUALS,PRE_SOWING,,,FINANCIAL_STRESS_WINDOW,PRE_SOWING,0.5,0.8,,Pre-sowing stress
ADVR_I3_020,TRUE,6,I3,ADV_I3_006,EQUALS,MID_SEASON,,,FINANCIAL_STRESS_WINDOW,MID_SEASON,0.5,0.8,,Mid-season stress
ADVR_I3_021,TRUE,6,I3,ADV_I3_006,EQUALS,HARVEST,,,FINANCIAL_STRESS_WINDOW,HARVEST,0.5,0.8,,Harvest stress
ADVR_I3_022,TRUE,6,I3,ADV_I3_006,EQUALS,POST_HARVEST_REPAYMENT,,,FINANCIAL_STRESS_WINDOW,POST_HARVEST,0.5,0.8,,Post-harvest stress
ADVR_I3_023,TRUE,6,I3,ADV_I3_006,EQUALS,YEAR_ROUND,,,FINANCIAL_STRESS_WINDOW,YEAR_ROUND,0.3,0.8,,Year-round stress
ADVR_I3_024,TRUE,6,I3,ADV_I3_006,EQUALS,NO_MAJOR_STRESS,,,FINANCIAL_STRESS_WINDOW,NONE,0.9,0.8,,No stress period
ADVR_I4_015,TRUE,6,I4,ADV_I4_005,EQUALS,PCT_10,,,TRIAL_AREA_PREFERENCE,SMALL,0.6,0.8,,Very cautious
ADVR_I4_016,TRUE,6,I4,ADV_I4_005,EQUALS,PCT_25,,,TRIAL_AREA_PREFERENCE,MODERATE,0.75,0.8,,Moderate trial
ADVR_I4_017,TRUE,6,I4,ADV_I4_005,EQUALS,PCT_50,,,TRIAL_AREA_PREFERENCE,LARGE,0.85,0.8,,Confident
ADVR_I4_018,TRUE,6,I4,ADV_I4_005,EQUALS,FULL_AREA,,,TRIAL_AREA_PREFERENCE,FULL,0.95,0.8,,Full adoption
ADVR_I4_019,TRUE,6,I4,ADV_I4_005,EQUALS,NO_TRIAL,,,TRIAL_AREA_PREFERENCE,NONE,0.3,0.8,,Not ready for trial
ADVR_I5_018,TRUE,7,I5,ADV_I5_004,EQUALS,INTENSIVE,,,SUPPORT_LEVEL_PREFERRED,INTENSIVE,0.8,0.85,,High-touch preferred
ADVR_I5_019,TRUE,7,I5,ADV_I5_004,EQUALS,MODERATE,,,SUPPORT_LEVEL_PREFERRED,MODERATE,0.9,0.85,,Balanced preferred
ADVR_I5_020,TRUE,7,I5,ADV_I5_004,EQUALS,MINIMAL,,,SUPPORT_LEVEL_PREFERRED,MINIMAL,0.75,0.85,,Light-touch preferred
ADVR_I5_021,TRUE,7,I5,ADV_I5_004,EQUALS,SELF,,,SUPPORT_LEVEL_PREFERRED,SELF,0.6,0.8,,Self-managed preferred
ADVR_D1_035,TRUE,8,D1,ADV_D1_008,GREATER_EQUAL,,8.2,,PH_LEVEL,ALKALINE_HIGH,0.25,0.95,,Measured pH high alkaline - ERW risk
ADVR_D1_036,TRUE,8,D1,ADV_D1_008,BETWEEN,,6.5,8.2,PH_LEVEL,NORMAL,0.85,0.95,,Normal pH range
ADVR_D1_037,TRUE,8,D1,ADV_D1_008,LESS,,6.5,,PH_LEVEL,ACIDIC,0.7,0.95,,Acidic soil - biochar may help
ADVR_D10_045,TRUE,9,D10,ADV_D10_010,EQUALS,YES_CAUTIOUS,,,BIO_OVERALL_WILLINGNESS,YES,0.75,0.85,,Cautious but positive biochar interest
ADVR_I5_022,TRUE,7,I5,ADV_I5_005,EQUALS,MAYBE,,,TRAINER_WILLINGNESS,MAYBE,0.55,0.85,,Conditional trainer willingness
ADVR_I5_023,TRUE,7,I5,ADV_I5_005,EQUALS,NO,,,TRAINER_WILLINGNESS,NO,0.2,0.9,,Not willing to train others
ADVR_I5_024,TRUE,7,I5,ADV_I5_001,EQUALS,NO,,,FARMER_GROUP_MEMBER,NO,0.2,0.95,,Not a member of farmer group
ADVR_BRIDGE_001,TRUE,50,D1,ADV_D1_001,EQUALS,RICE,,,MAIN_CROP,RICE_FLOODED,100,0.95,,Bridge: crop→MAIN_CROP eligibility
ADVR_BRIDGE_002,TRUE,50,D1,ADV_D1_001,EQUALS,OTHERS,,,MAIN_CROP,NON_RICE,0,0.95,,Bridge: non-rice crop
ADVR_BRIDGE_003,TRUE,50,D4,ADV_D4_003,EQUALS,CONTINUOUS_FLOOD,,,WATER_MANAGEMENT,CONTINUOUS_FLOOD,10,0.95,,Bridge: baseline→WATER_MANAGEMENT
ADVR_BRIDGE_004,TRUE,50,D4,ADV_D4_003,EQUALS,AWD_ALREADY,,,WATER_MANAGEMENT,AWD_ALREADY,100,0.95,,Bridge: already AWD
ADVR_BRIDGE_005,TRUE,50,D4,ADV_D4_003,EQUALS,INTERMITTENT,,,WATER_MANAGEMENT,INTERMITTENT_FLOOD,40,0.9,,Bridge: intermittent flooding
ADVR_BRIDGE_006,TRUE,50,D4,ADV_D4_003,EQUALS,AEROBIC,,,WATER_MANAGEMENT,AEROBIC,0,0.9,,Bridge: aerobic rice (no AWD)
ADVR_BRIDGE_007,TRUE,50,D4,ADV_D4_003,EQUALS,RAINFED,,,WATER_MANAGEMENT,RAINFED,0,0.9,,Bridge: rainfed (no AWD)
ADVR_BRIDGE_008,TRUE,50,D8,ADV_D8_001,EQUALS,BASALT,,,ERW_ROCK_TYPE,BASALT,100,0.9,,Bridge: ERW basalt→eligibility
ADVR_BRIDGE_009,TRUE,50,D8,ADV_D8_001,EQUALS,GRANITE,,,ERW_ROCK_TYPE,OTHER,50,0.8,,Bridge: granite→OTHER
ADVR_BRIDGE_010,TRUE,50,D8,ADV_D8_001,EQUALS,LIMESTONE,,,ERW_ROCK_TYPE,OTHER,40,0.8,,Bridge: limestone→OTHER
ADVR_BRIDGE_011,TRUE,50,D8,ADV_D8_001,EQUALS,DOLOMITE,,,ERW_ROCK_TYPE,OTHER,45,0.8,,Bridge: dolomite→OTHER
ADVR_BRIDGE_012,TRUE,50,D8,ADV_D8_001,EQUALS,MIXED,,,ERW_ROCK_TYPE,OTHER,35,0.75,,Bridge: mixed→OTHER
ADVR_BRIDGE_013,TRUE,50,D8,ADV_D8_001,EQUALS,UNKNOWN,,,ERW_ROCK_TYPE,NONE,0,0.7,,Bridge: unknown→NONE
ADVR_BRIDGE_014,TRUE,50,D10,ADV_D10_010,EQUALS,YES_ENTHUSIASTIC,,,BIOCHAR_APPLICATION,YES,100,0.95,,Bridge: biochar willingness→eligibility
ADVR_BRIDGE_015,TRUE,50,D10,ADV_D10_010,EQUALS,YES_CAUTIOUS,,,BIOCHAR_APPLICATION,YES,80,0.9,,Bridge: cautious yes
ADVR_BRIDGE_016,TRUE,50,D10,ADV_D10_010,EQUALS,MAYBE,,,BIOCHAR_APPLICATION,PLANNING,50,0.85,,Bridge: maybe→PLANNING
ADVR_BRIDGE_017,TRUE,50,D10,ADV_D10_010,EQUALS,NO,,,BIOCHAR_APPLICATION,NO,0,0.95,,Bridge: no biochar
ADVR_D7_001,TRUE,50,D7,ADV_D7_001,EQUALS,DEEP_PLOUGH,,,REGEN_TILLAGE_INTENSITY,HIGH_DISTURBANCE,10,0.9,,Regen: tillage baseline
ADVR_D7_002,TRUE,50,D7,ADV_D7_001,EQUALS,MULTIPLE_TILL,,,REGEN_TILLAGE_INTENSITY,MODERATE_HIGH_DISTURBANCE,30,0.9,,Regen: multiple till
ADVR_D7_003,TRUE,50,D7,ADV_D7_001,EQUALS,MIN_TILL,,,REGEN_TILLAGE_INTENSITY,MIN_TILL,70,0.9,,Regen: minimum tillage
ADVR_D7_004,TRUE,50,D7,ADV_D7_001,EQUALS,ZERO_TILL,,,REGEN_TILLAGE_INTENSITY,ZERO_TILL,100,0.9,,Regen: zero tillage
ADVR_D7_005,TRUE,50,D7,ADV_D7_002,EQUALS,BURN,,,REGEN_RESIDUE_MANAGEMENT,BURN,0,0.9,,Regen: residue baseline
ADVR_D7_006,TRUE,50,D7,ADV_D7_002,EQUALS,REMOVE,,,REGEN_RESIDUE_MANAGEMENT,REMOVE,20,0.9,,Regen: removed
ADVR_D7_007,TRUE,50,D7,ADV_D7_002,EQUALS,PARTIAL_RETAIN,,,REGEN_RESIDUE_MANAGEMENT,PARTIAL_RETAIN,55,0.9,,Regen: partial retention
ADVR_D7_008,TRUE,50,D7,ADV_D7_002,EQUALS,FULL_RETAIN_MULCH,,,REGEN_RESIDUE_MANAGEMENT,FULL_RETAIN_MULCH,90,0.9,,Regen: full mulch
ADVR_D7_009,TRUE,50,D7,ADV_D7_002,EQUALS,COMPOST,,,REGEN_RESIDUE_MANAGEMENT,COMPOST,80,0.9,,Regen: composted
ADVR_D7_010,TRUE,50,D7,ADV_D7_003,EQUALS,EVERY_SEASON,,,REGEN_ORGANIC_AMENDMENTS,REGULAR,100,0.9,,Regen: organic input freq
ADVR_D7_011,TRUE,50,D7,ADV_D7_003,EQUALS,ONCE_YEAR,,,REGEN_ORGANIC_AMENDMENTS,ANNUAL,70,0.9,,Regen: annual
ADVR_D7_012,TRUE,50,D7,ADV_D7_003,EQUALS,OCCASIONAL,,,REGEN_ORGANIC_AMENDMENTS,OCCASIONAL,40,0.85,,Regen: occasional
ADVR_D7_013,TRUE,50,D7,ADV_D7_003,EQUALS,NEVER,,,REGEN_ORGANIC_AMENDMENTS,NONE,0,0.9,,Regen: no organic inputs
ADVR_D7_014,TRUE,50,D7,ADV_D7_004,EQUALS,YES_REGULAR,,,REGEN_COVER_CROP,REGULAR,100,0.9,,Regen: cover crop
ADVR_D7_015,TRUE,50,D7,ADV_D7_004,EQUALS,SOMETIMES,,,REGEN_COVER_CROP,SOMETIMES,55,0.85,,Regen: sometimes cover
ADVR_D7_016,TRUE,50,D7,ADV_D7_004,EQUALS,NO,,,REGEN_COVER_CROP,NO,0,0.9,,Regen: no cover crop
ADVR_D7_017,TRUE,50,D7,ADV_D7_005,EQUALS,MONOCROP,,,REGEN_ROTATION_DIVERSITY,MONOCROP,0,0.9,,Regen: rotation diversity
ADVR_D7_018,TRUE,50,D7,ADV_D7_005,EQUALS,TWO_CROPS,,,REGEN_ROTATION_DIVERSITY,TWO_CROPS,50,0.9,,Regen: 2-crop
ADVR_D7_019,TRUE,50,D7,ADV_D7_005,EQUALS,THREEPLUS_CROPS,,,REGEN_ROTATION_DIVERSITY,DIVERSE,85,0.9,,Regen: diverse rotation
ADVR_D7_020,TRUE,50,D7,ADV_D7_005,EQUALS,INCLUDES_LEGUME,,,REGEN_ROTATION_DIVERSITY,LEGUME_ROTATION,100,0.9,,Regen: legume rotation
ADVR_D7_021,TRUE,50,D7,ADV_D7_006,EQUALS,REGULAR,,,REGEN_LEGUME_INTEGRATION,REGULAR,100,0.85,,Regen: legume integration
ADVR_D7_022,TRUE,50,D7,ADV_D7_006,EQUALS,SOMETIMES,,,REGEN_LEGUME_INTEGRATION,SOMETIMES,55,0.8,,Regen: sometimes legumes
ADVR_D7_023,TRUE,50,D7,ADV_D7_006,EQUALS,NO,,,REGEN_LEGUME_INTEGRATION,NONE,0,0.85,,Regen: no legumes
ADVR_D7_024,TRUE,50,D7,ADV_D7_007,EQUALS,YES_STRONG,,,REGEN_MANURE_ACCESS,REGULAR,100,0.9,,Regen: manure access
ADVR_D7_025,TRUE,50,D7,ADV_D7_007,EQUALS,YES_SOME,,,REGEN_MANURE_ACCESS,SOME,60,0.85,,Regen: some manure
ADVR_D7_026,TRUE,50,D7,ADV_D7_007,EQUALS,NO,,,REGEN_MANURE_ACCESS,NONE,0,0.9,,Regen: no manure
ADVR_D8_001,TRUE,50,D8,ADV_D8_001,EQUALS,BASALT,,,ERW_MATERIAL_TYPE,BASALT,100,0.9,,ERW: material type scoring
ADVR_D8_002,TRUE,50,D8,ADV_D8_001,EQUALS,GRANITE,,,ERW_MATERIAL_TYPE,GRANITE,50,0.8,,ERW: granite (limited)
ADVR_D8_003,TRUE,50,D8,ADV_D8_001,EQUALS,LIMESTONE,,,ERW_MATERIAL_TYPE,LIMESTONE,40,0.8,,ERW: limestone liming
ADVR_D8_004,TRUE,50,D8,ADV_D8_001,EQUALS,DOLOMITE,,,ERW_MATERIAL_TYPE,DOLOMITE,45,0.8,,ERW: dolomite
ADVR_D8_005,TRUE,50,D8,ADV_D8_001,EQUALS,MIXED,,,ERW_MATERIAL_TYPE,MIXED,35,0.75,,ERW: mixed source
ADVR_D8_006,TRUE,50,D8,ADV_D8_001,EQUALS,UNKNOWN,,,ERW_MATERIAL_TYPE,UNKNOWN,0,0.7,,ERW: unknown
ADVR_D8_007,TRUE,50,D8,ADV_D8_002,EQUALS,FINE,,,ERW_PARTICLE_FINENESS,FINE,100,0.9,,ERW: particle fineness
ADVR_D8_008,TRUE,50,D8,ADV_D8_002,EQUALS,MIXED,,,ERW_PARTICLE_FINENESS,MIXED,55,0.8,,ERW: mixed size
ADVR_D8_009,TRUE,50,D8,ADV_D8_002,EQUALS,COARSE,,,ERW_PARTICLE_FINENESS,COARSE,20,0.85,,ERW: coarse grit
ADVR_D8_010,TRUE,50,D8,ADV_D8_002,EQUALS,UNKNOWN,,,ERW_PARTICLE_FINENESS,UNKNOWN,0,0.7,,ERW: unknown fineness
ADVR_D8_011,TRUE,50,D8,ADV_D8_003,EQUALS,YES_TRACTOR_TILL,,,ERW_INCORPORATION_ABILITY,STRONG,100,0.85,,ERW: incorporation D8_003
ADVR_D8_012,TRUE,50,D8,ADV_D8_003,EQUALS,YES_LIGHT_TILL,,,ERW_INCORPORATION_ABILITY,MODERATE,70,0.8,,ERW: light tillage
ADVR_D8_013,TRUE,50,D8,ADV_D8_003,EQUALS,NO_ZERO_TILL_ONLY,,,ERW_INCORPORATION_ABILITY,LOW,20,0.85,,ERW: zero till only
ADVR_D8_014,TRUE,50,D8,ADV_D8_003,EQUALS,UNSURE,,,ERW_INCORPORATION_ABILITY,UNSURE,40,0.75,,ERW: unsure
ADVR_D8_015,TRUE,50,D8,ADV_D8_004,EQUALS,RELIABLE,,,ERW_POST_APPLICATION_MOISTURE,RELIABLE,100,0.8,,ERW: moisture D8_004
ADVR_D8_016,TRUE,50,D8,ADV_D8_004,EQUALS,SOMETIMES,,,ERW_POST_APPLICATION_MOISTURE,SOMETIMES,60,0.75,,ERW: sometimes
ADVR_D8_017,TRUE,50,D8,ADV_D8_004,EQUALS,RARE,,,ERW_POST_APPLICATION_MOISTURE,RARE,25,0.8,,ERW: rare moisture
ADVR_D8_018,TRUE,50,D8,ADV_D8_004,EQUALS,NONE,,,ERW_POST_APPLICATION_MOISTURE,NONE,0,0.85,,ERW: no moisture
ADVR_D8_031,TRUE,50,D8,ADV_D8_006,EQUALS,RELIABLE,,,ERW_POST_APPLICATION_MOISTURE,RELIABLE,100,0.8,,ERW: moisture bridge D8_006
ADVR_D8_032,TRUE,50,D8,ADV_D8_006,EQUALS,SOMETIMES,,,ERW_POST_APPLICATION_MOISTURE,SOMETIMES,60,0.75,,ERW: sometimes
ADVR_D8_033,TRUE,50,D8,ADV_D8_006,EQUALS,RARE,,,ERW_POST_APPLICATION_MOISTURE,RARE,25,0.8,,ERW: rare
ADVR_D8_034,TRUE,50,D8,ADV_D8_006,EQUALS,NONE,,,ERW_POST_APPLICATION_MOISTURE,NONE,0,0.85,,ERW: none
ADVR_D10_046,TRUE,50,D10,ADV_D10_001,EQUALS,HIGH,,,BIO_FEEDSTOCK_AVAILABILITY,HIGH,100,0.9,,Biochar: feedstock available
ADVR_D10_047,TRUE,50,D10,ADV_D10_001,EQUALS,MEDIUM,,,BIO_FEEDSTOCK_AVAILABILITY,MEDIUM,65,0.85,,Biochar: medium feedstock
ADVR_D10_048,TRUE,50,D10,ADV_D10_001,EQUALS,LOW,,,BIO_FEEDSTOCK_AVAILABILITY,LOW,30,0.85,,Biochar: low feedstock
ADVR_D10_049,TRUE,50,D10,ADV_D10_001,EQUALS,NONE,,,BIO_FEEDSTOCK_AVAILABILITY,NONE,0,0.95,,Biochar: no feedstock
ADVR_D10_050,TRUE,50,D10,ADV_D10_002,EQUALS,FODDER,,,BIO_RESIDUE_CURRENT_USE,FODDER,20,0.85,,Biochar: residue use baseline
ADVR_D10_051,TRUE,50,D10,ADV_D10_002,EQUALS,BURN,,,BIO_RESIDUE_CURRENT_USE,BURN,0,0.9,,Biochar: burning baseline
ADVR_D10_052,TRUE,50,D10,ADV_D10_002,EQUALS,INCORPORATE,,,BIO_RESIDUE_CURRENT_USE,INCORPORATE,70,0.85,,Biochar: soil-returned
ADVR_D10_053,TRUE,50,D10,ADV_D10_002,EQUALS,SELL,,,BIO_RESIDUE_CURRENT_USE,SELL,10,0.85,,Biochar: sold
ADVR_D10_054,TRUE,50,D10,ADV_D10_002,EQUALS,COMPOST,,,BIO_RESIDUE_CURRENT_USE,COMPOST,80,0.85,,Biochar: composted
ADVR_D10_055,TRUE,50,D10,ADV_D10_002,EQUALS,OTHER,,,BIO_RESIDUE_CURRENT_USE,OTHER,40,0.75,,Biochar: other use
ADVR_D10_056,TRUE,50,D10,ADV_D10_003,EQUALS,YES,,,BIO_RESIDUE_DIVERT_WILLING,YES,100,0.9,,Biochar: divert willing
ADVR_D10_057,TRUE,50,D10,ADV_D10_003,EQUALS,DEPENDS,,,BIO_RESIDUE_DIVERT_WILLING,DEPENDS,55,0.85,,Biochar: conditional
ADVR_D10_058,TRUE,50,D10,ADV_D10_003,EQUALS,NO,,,BIO_RESIDUE_DIVERT_WILLING,NO,0,0.9,,Biochar: unwilling to divert
ADVR_D10_059,TRUE,50,D10,ADV_D10_004,EQUALS,MIX_WITH_MANURE,,,BIO_APPLICATION_METHOD,MIX_WITH_MANURE,85,0.85,,Biochar: app method D10_004
ADVR_D10_060,TRUE,50,D10,ADV_D10_004,EQUALS,BROADCAST_AND_INCORPORATE,,,BIO_APPLICATION_METHOD,BROADCAST_AND_INCORPORATE,90,0.85,,Biochar: broadcast+mix
ADVR_D10_061,TRUE,50,D10,ADV_D10_004,EQUALS,BAND_ROW,,,BIO_APPLICATION_METHOD,BAND_ROW,75,0.85,,Biochar: band/row
ADVR_D10_062,TRUE,50,D10,ADV_D10_004,EQUALS,ONLY_TOPDRESS,,,BIO_APPLICATION_METHOD,ONLY_TOPDRESS,40,0.8,,Biochar: topdress only
ADVR_D10_063,TRUE,50,D10,ADV_D10_004,EQUALS,NOT_SURE,,,BIO_APPLICATION_METHOD,NOT_SURE,30,0.7,,Biochar: method unknown
ADVR_D2_022,TRUE,50,D2,ADV_D2_007,EQUALS,YES_WITHIN_10,,,ERW_SOURCE_DISTANCE,NEAR,100,0.9,,ERW: source proximity
ADVR_D2_023,TRUE,50,D2,ADV_D2_007,EQUALS,YES_10_50,,,ERW_SOURCE_DISTANCE,MID,65,0.85,,ERW: moderate distance
ADVR_D2_024,TRUE,50,D2,ADV_D2_007,EQUALS,NO,,,ERW_SOURCE_DISTANCE,FAR_OR_NONE,0,0.9,,ERW: no source
ADVR_D2_025,TRUE,50,D2,ADV_D2_007,EQUALS,DONT_KNOW,,,ERW_SOURCE_DISTANCE,UNKNOWN,30,0.7,,ERW: unknown proximity
ADVR_D2_026,TRUE,50,D2,ADV_D2_008,EQUALS,YES_WITHIN_5,,,BIO_PYROLYSIS_ACCESS,NEAR,100,0.9,,Biochar: pyrolysis access
ADVR_D2_027,TRUE,50,D2,ADV_D2_008,EQUALS,YES_5_20,,,BIO_PYROLYSIS_ACCESS,MID,65,0.85,,Biochar: moderate access
ADVR_D2_028,TRUE,50,D2,ADV_D2_008,EQUALS,NO,,,BIO_PYROLYSIS_ACCESS,NO,0,0.9,,Biochar: no access
ADVR_D2_029,TRUE,50,D2,ADV_D2_008,EQUALS,DONT_KNOW,,,BIO_PYROLYSIS_ACCESS,UNKNOWN,30,0.7,,Biochar: unknown access
ADVR_D2_030,TRUE,50,D2,ADV_D2_009,EQUALS,BUY,,,BIO_SOURCING_MODE,BUY,80,0.8,,Biochar: sourcing preference
ADVR_D2_031,TRUE,50,D2,ADV_D2_009,EQUALS,LOCAL_UNIT,,,BIO_SOURCING_MODE,LOCAL_UNIT,90,0.8,,Biochar: local unit
ADVR_D2_032,TRUE,50,D2,ADV_D2_009,EQUALS,ON_FARM,,,BIO_SOURCING_MODE,ON_FARM,75,0.75,,Biochar: on-farm kiln
ADVR_D2_033,TRUE,50,D2,ADV_D2_009,EQUALS,UNSURE,,,BIO_SOURCING_MODE,UNSURE,40,0.7,,Biochar: sourcing undecided
ADVR_D2_034,TRUE,50,D2,ADV_D2_006,EQUALS,ELECTRIC_GRID,,,PUMP_POWER_TYPE,ELECTRIC,80,0.9,,Infra: pump power type
ADVR_D2_035,TRUE,50,D2,ADV_D2_006,EQUALS,DIESEL,,,PUMP_POWER_TYPE,DIESEL,50,0.9,,Infra: diesel pump
ADVR_D2_036,TRUE,50,D2,ADV_D2_006,EQUALS,SOLAR,,,PUMP_POWER_TYPE,SOLAR,100,0.9,,Infra: solar pump (low cost)
ADVR_D2_037,TRUE,50,D2,ADV_D2_006,EQUALS,NOT_APPLICABLE,,,PUMP_POWER_TYPE,NONE,0,0.9,,Infra: no pump (rainfed)
ADVR_FU_001,TRUE,50,D2,ADV_D2_007_FU_SOURCECHECK,EQUALS,YES_FOUND,,,ERW_SOURCE_DISTANCE,NEAR,,0.85,,FU deriv: ADV_D2_007_FU_SOURCECHECK
ADVR_FU_002,TRUE,50,D2,ADV_D2_007_FU_SOURCECHECK,EQUALS,YES_FAR,,,ERW_SOURCE_DISTANCE,FAR_OR_NONE,,0.85,,FU deriv: ADV_D2_007_FU_SOURCECHECK
ADVR_FU_003,TRUE,50,D2,ADV_D2_007_FU_SOURCECHECK,EQUALS,NO,,,ERW_SOURCE_DISTANCE,FAR_OR_NONE,,0.85,,FU deriv: ADV_D2_007_FU_SOURCECHECK
ADVR_FU_004,TRUE,50,D2,ADV_D2_008_FU_SUPPLIER,EQUALS,YES_FOUND,,,BIO_PYROLYSIS_ACCESS,NEAR,,0.85,,FU deriv: ADV_D2_008_FU_SUPPLIER
ADVR_FU_005,TRUE,50,D2,ADV_D2_008_FU_SUPPLIER,EQUALS,NO,,,BIO_PYROLYSIS_ACCESS,NO,,0.85,,FU deriv: ADV_D2_008_FU_SUPPLIER
ADVR_FU_006,TRUE,50,D2,ADV_D2_009_FU_OPTIONS,EQUALS,PREFER_BUY,,,BIO_SOURCING_MODE,BUY,,0.85,,FU deriv: ADV_D2_009_FU_OPTIONS
ADVR_FU_007,TRUE,50,D2,ADV_D2_009_FU_OPTIONS,EQUALS,PREFER_LOCAL,,,BIO_SOURCING_MODE,LOCAL_UNIT,,0.85,,FU deriv: ADV_D2_009_FU_OPTIONS
ADVR_FU_008,TRUE,50,D2,ADV_D2_009_FU_OPTIONS,EQUALS,PREFER_ON_FARM,,,BIO_SOURCING_MODE,ON_FARM,,0.85,,FU deriv: ADV_D2_009_FU_OPTIONS
ADVR_FU_009,TRUE,50,D2,ADV_D2_009_FU_OPTIONS,EQUALS,STILL_UNSURE,,,BIO_SOURCING_MODE,UNSURE,,0.85,,FU deriv: ADV_D2_009_FU_OPTIONS
ADVR_FU_010,TRUE,50,D8,ADV_D8_001_FU_SPEC,EQUALS,CONFIRMED_BASALT,,,ERW_ROCK_TYPE,BASALT,,0.85,,FU deriv: ADV_D8_001_FU_SPEC
ADVR_FU_011,TRUE,50,D8,ADV_D8_001_FU_SPEC,EQUALS,CANNOT_CONFIRM,,,ERW_ROCK_TYPE,NONE,,0.85,,FU deriv: ADV_D8_001_FU_SPEC
ADVR_FU_012,TRUE,50,D8,ADV_D8_002_FU_PHOTO,EQUALS,PHOTO_TAKEN,,,ERW_PARTICLE_FINENESS,FINE,,0.85,,FU deriv: ADV_D8_002_FU_PHOTO
ADVR_FU_013,TRUE,50,D8,ADV_D8_002_FU_PHOTO,EQUALS,PHOTO_COARSE,,,ERW_PARTICLE_FINENESS,COARSE,,0.85,,FU deriv: ADV_D8_002_FU_PHOTO
