Question_ID,Dimension_ID,Dimension_Name,Sub_Factor,Sequence,Question_Text_EN,Question_Text_HI,Answer_Type,Unit,Help_Text_EN,Help_Text_HI,Verification_Method,Required_For_Pathway,Scoring_Impact,Default_Value,Validation_Rule,Photo_Required,Is_Active,Base_Priority,Version
ADV_D1_001,D1,Biophysical Suitability,crop_suitability,1,Which crop will you grow in this season?,आप इस मौसम में कौन सी फसल उगाएंगे?,categorical_direct,,Select crop,फसल का चयन करें,VISUAL_OBSERVATION,ALL,HIGH,,"crop IN (RICE,OTHERS)",FALSE,TRUE,100,v1.0
ADV_D1_002,D1,Biophysical Suitability,soil_texture,2,What is your soil texture? (Choose the closest match),आपकी मिट्टी की बनावट क्या है? (सबसे निकट मिलान चुनें),categorical_direct,,Observe dry soil: Clay is sticky when wet and hard when dry. Loam is crumbly. Sand is gritty and won't hold shape.,सूखी मिट्टी देखें: मिट्टी गीली होने पर चिपचिपी और सूखने पर कठोर होती है। दोमट भुरभुरी होती है। रेत दानेदार होती है।,VISUAL_OBSERVATION,ALL,HIGH,,"soil_texture IN (CLAY,CLAY_LOAM,LOAM,SANDY_LOAM,SAND)",FALSE,TRUE,95,v1.0
ADV_D1_003,D1,Biophysical Suitability,drainage_class,3,"After a heavy rain, how long does water typically stay in your field?",भारी बारिश के बाद आपके खेत में पानी आमतौर पर कितनी देर तक रहता है?,categorical_direct,hours,Observe after monsoon rains. Measure time from rain stop to no standing water visible.,मानसून की बारिश के बाद देखें। बारिश बंद होने से लेकर खड़े पानी दिखाई न देने तक का समय मापें।,VISUAL_OBSERVATION,ALL,HIGH,,"drainage_time IN (DRAIN_1HR,DRAIN_1_6HR,DRAIN_6_24HR,DRAIN_1_2DAY,DRAIN_2PLUS)",FALSE,TRUE,90,v1.0
ADV_D1_004,D1,Biophysical Suitability,field_slope,4,What is the approximate slope of your field?,आपके खेत का अनुमानित ढलान क्या है?,categorical_direct,%,Flat = water doesn't flow. Gentle = slow flow. Steep = rapid flow.,समतल = पानी नहीं बहता। मंद = धीमा प्रवाह। तीव्र = तेज प्रवाह।,VISUAL_OBSERVATION,ALL,MEDIUM,,"slope IN (FLAT,GENTLE,MODERATE,STEEP)",FALSE,TRUE,60,v1.0
ADV_D1_005,D1,Biophysical Suitability,waterlogging_prone,5,What percentage of your field has waterlogging (standing water) areas?,आपके खेत में जलभराव (खड़े पानी) वाले क्षेत्र का प्रतिशत क्या है?,categorical_direct,%,Areas where water stays even when rest of field is drained.,वे क्षेत्र जहाँ खेत के बाकी हिस्से सूखने पर भी पानी रहता है।,VISUAL_OBSERVATION,AWD,MEDIUM,,"waterlog IN (NONE,LESS_10,PCT_10_25,PCT_25_50,MORE_50)",FALSE,TRUE,65,v1.0
ADV_D1_006,D1,Biophysical Suitability,soil_test_available,6,Do you have a soil test report from the last 3 years?,क्या आपके पास पिछले 3 वर्षों की मिट्टी परीक्षण रिपोर्ट है?,yes_no_conditional,,"If YES, we'll ask for specific values. If NO, we'll use proxy questions.","यदि हाँ, तो हम विशिष्ट मान पूछेंगे। यदि नहीं, तो हम अनुमानित प्रश्न पूछेंगे।",RECORDS,ALL,MEDIUM,,"yes_no IN (YES,NO)",TRUE,TRUE,75,v1.0
ADV_D1_007,D1,Biophysical Suitability,soc_measured,7,[If soil test available] What is the Soil Organic Carbon (%) from your report?,[यदि मिट्टी परीक्षण उपलब्ध है] रिपोर्ट से मृदा कार्बनिक कार्बन (%) क्या है?,numeric_direct,%,"Look for ""OC%"" or ""SOC%"" in your lab report. Usually between 0.2% to 2%.","अपनी लैब रिपोर्ट में ""OC%"" या ""SOC%"" देखें। आमतौर पर 0.2% से 2% के बीच।",LAB_TEST,ALL,HIGH,,soc_value >= 0 AND soc_value <= 10,TRUE,TRUE,85,v1.0
ADV_D1_008,D1,Biophysical Suitability,ph_measured,8,[If soil test available] What is the soil pH from your report?,[यदि मिट्टी परीक्षण उपलब्ध है] रिपोर्ट से मिट्टी का pH क्या है?,numeric_direct,,pH value between 4.5 (very acidic) to 9.5 (very alkaline). Most rice soils are 6-8.,4.5 (बहुत अम्लीय) से 9.5 (बहुत क्षारीय) के बीच pH मान। अधिकांश धान की मिट्टी 6-8 होती है।,LAB_TEST,ALL,MEDIUM,,ph_value >= 4.5 AND ph_value <= 9.5,TRUE,TRUE,70,v1.0
ADV_D1_009,D1,Biophysical Suitability,soil_color,9,[If no soil test] What color is the topsoil (0-15 cm depth)?,[यदि मिट्टी परीक्षण नहीं] ऊपरी मिट्टी (0-15 सेमी गहराई) का रंग क्या है?,categorical_direct,,Observe in daylight. Darker colors usually indicate higher organic matter.,दिन की रोशनी में देखें। गहरे रंग आमतौर पर उच्च जैविक पदार्थ दर्शाते हैं।,VISUAL_OBSERVATION,ALL,MEDIUM,,"color IN (DARK_BLACK,BROWN,LIGHT_BROWN,GREY,RED)",FALSE,TRUE,65,v1.0
ADV_D1_010,D1,Biophysical Suitability,erw_alkaline_risk_proxy,10,Is your soil known to be alkaline (pH > 8.2)?,क्या आपकी मिट्टी क्षारीय (pH > 8.2) मानी जाती है?,categorical_direct,,"If you have lab pH, use that instead. High pH may reduce ERW benefit.",यदि आपके पास लैब pH है तो वही उपयोग करें। उच्च pH ERW लाभ घटा सकता है।,FARMER_KNOWLEDGE,ERW,MEDIUM,,"erw_alkaline_risk_proxy IN (YES_ALKALINE,NO,DONT_KNOW)",FALSE,TRUE,60,v1.0
ADV_D10_001,D10,Biomass & Biochar Farm Readiness,bio_feedstock_available,1,What biomass residue do you have available after harvest (per season)?,कटाई के बाद आपके पास प्रति सीजन कितना जैव-अवशेष उपलब्ध होता है?,categorical_direct,,"Include rice straw, wheat straw, husk, stalks, pruning, dung/cake.","धान पराली, गेहूं पराली, भूसी, डंठल, छंटाई, गोबर/कंडे शामिल करें।",FARMER_KNOWLEDGE,BIOCHAR,HIGH,,"bio_feedstock_available IN (HIGH,MEDIUM,LOW,NONE)",FALSE,TRUE,90,v1.0
ADV_D10_002,D10,Biomass & Biochar Farm Readiness,bio_residue_current_use,2,How do you currently use residues (straw/husk/stalks)?,आप वर्तमान में पराली/भूसी/डंठल का उपयोग कैसे करते हैं?,categorical_direct,,Select the main use of residues. Competing uses reduce biochar feasibility.,अवशेषों का मुख्य उपयोग चुनें। प्रतिस्पर्धी उपयोग बायोचार व्यवहार्यता घटाते हैं।,FARMER_KNOWLEDGE,BIOCHAR,HIGH,,"bio_residue_current_use IN (FODDER,BURN,INCORPORATE,SELL,COMPOST,OTHER)",FALSE,TRUE,85,v1.0
ADV_D10_003,D10,Biomass & Biochar Farm Readiness,bio_residue_divert_willing,3,Are you willing to divert a portion of residues for biochar production?,क्या आप कुछ अवशेष बायोचार बनाने के लिए देने को तैयार हैं?,yes_no_explain,,Answer honestly. This affects feasibility and carbon integrity.,ईमानदारी से उत्तर दें। यह व्यवहार्यता और कार्बन अखंडता को प्रभावित करता है।,FARMER_KNOWLEDGE,BIOCHAR,HIGH,,"bio_residue_divert_willing IN (YES,NO,DEPENDS)",FALSE,TRUE,85,v1.0
ADV_D10_004,D10,Biomass & Biochar Farm Readiness,bio_application_method,4,How can you apply biochar to the field?,आप बायोचार को खेत में कैसे डाल सकते हैं?,categorical_direct,,Best practice is mixing with FYM/compost and incorporating in topsoil.,सर्वोत्तम तरीका है गोबर खाद/कम्पोस्ट के साथ मिलाकर ऊपरी मिट्टी में मिलाना।,FARMER_KNOWLEDGE,BIOCHAR,MEDIUM,,"bio_application_method IN (MIX_WITH_MANURE,BROADCAST_AND_INCORPORATE,BAND_ROW,ONLY_TOPDRESS,NOT_SURE)",FALSE,TRUE,70,v1.0
ADV_D10_005,D10,Biomass & Biochar Farm Readiness,bio_priority_soil_problem,5,What is your biggest soil issue?,आपकी सबसे बड़ी मिट्टी समस्या क्या है?,categorical_direct,,"Helps target biochar use-case (water holding, fertility, acidity etc.).","बायोचार का उपयोग-लक्ष्य तय करने में मदद (जलधारण, उर्वरता, अम्लता आदि)।",FARMER_KNOWLEDGE,BIOCHAR,MEDIUM,,"bio_priority_soil_problem IN (LOW_WATER_HOLDING,LOW_FERTILITY,ACIDIC,SALINITY_HARDNESS,HARD_SOIL,NONE)",FALSE,TRUE,60,v1.0
ADV_D10_006,D10,Biomass & Biochar Farm Readiness,bio_application_method,6,How would you apply biochar to the field?,आप बायोचार को खेत में कैसे डालेंगे?,categorical_direct,,Best practice is mixing with FYM/compost and incorporating in topsoil.,सर्वोत्तम तरीका है गोबर खाद/कम्पोस्ट के साथ मिलाकर ऊपरी मिट्टी में मिलाना।,FARMER_KNOWLEDGE,BIOCHAR,MEDIUM,,"bio_application IN (MIX_WITH_MANURE,BROADCAST_AND_INCORPORATE,BAND_ROW,ONLY_TOPDRESS,NOT_SURE)",FALSE,TRUE,70,v1.1
ADV_D10_007,D10,Biomass & Biochar Farm Readiness,bio_soil_problem,7,What is your biggest soil issue that biochar might help?,आपकी सबसे बड़ी मिट्टी समस्या क्या है जिसमें बायोचार मदद कर सकता है?,categorical_direct,,"Helps target biochar use-case (water holding, fertility, acidity etc.).","बायोचार का उपयोग-लक्ष्य तय करने में मदद (जलधारण, उर्वरता, अम्लता आदि)।",FARMER_KNOWLEDGE,BIOCHAR,MEDIUM,,"bio_soil_problem IN (LOW_WATER_HOLDING,LOW_FERTILITY,ACIDIC,SALINITY_HARDNESS,HARD_SOIL,NONE)",FALSE,TRUE,60,v1.1
ADV_D10_008,D10,Biomass & Biochar Farm Readiness,bio_no_burning_confirm,8,Will you commit to NOT burning residues in the open if biochar pathway is adopted?,यदि बायोचार पाथवे अपनाया जाए तो क्या आप अवशेष खुले में न जलाने की प्रतिबद्धता देंगे?,yes_no,,This is critical for carbon integrity and local air quality.,यह कार्बन अखंडता और स्थानीय वायु गुणवत्ता के लिए महत्वपूर्ण है।,FARMER_KNOWLEDGE,BIOCHAR,HIGH,,"bio_no_burning IN (YES,NO)",FALSE,TRUE,85,v1.1
ADV_D10_009,D10,Biomass & Biochar Farm Readiness,bio_traceability,9,"Can you keep receipts/dispatch notes and record biochar application date, area, and quantity?","क्या आप रसीद/डिस्पैच नोट और बायोचार आवेदन तिथि, क्षेत्र, और मात्रा का रिकॉर्ड रख सकते हैं?",categorical_direct,,Required for carbon-grade biochar MRV.,कार्बन-ग्रेड बायोचार MRV के लिए आवश्यक है।,RECORDS,BIOCHAR,HIGH,,"bio_traceability IN (YES,YES_WITH_HELP,DIFFICULT,NO)",FALSE,TRUE,80,v1.1
ADV_D10_010,D10,Biomass & Biochar Farm Readiness,bio_overall_willingness,10,Overall how willing are you to try the biochar pathway on your farm?,कुल मिलाकर आप अपने खेत पर बायोचार पाथवे आजमाने के लिए कितने इच्छुक हैं?,categorical_direct,,This captures your overall commitment to the biochar approach.,यह बायोचार दृष्टिकोण के प्रति आपकी समग्र प्रतिबद्धता दर्शाता है।,FARMER_KNOWLEDGE,BIOCHAR,HIGH,,"bio_willingness IN (YES_ENTHUSIASTIC,YES_CAUTIOUS,DEPENDS,NO)",FALSE,TRUE,85,v1.1
ADV_D2_001,D2,Infrastructure & Access,irrigation_source,1,What is your PRIMARY irrigation source?,आपका प्राथमिक सिंचाई स्रोत क्या है?,categorical_direct,,Select the source you use most frequently during rice season.,चावल के मौसम में सबसे अधिक उपयोग किए जाने वाले स्रोत का चयन करें।,FARMER_KNOWLEDGE,ALL,HIGH,,"irrigation_source IN (OWN_TUBE_ELEC,OWN_TUBE_DIESEL,SHARED_TUBE,CANAL,RAINFED)",FALSE,TRUE,100,v1.0
ADV_D2_002,D2,Infrastructure & Access,irrigation_control,2,Who controls WHEN you irrigate your field?,आप अपने खेत को कब सींचते हैं यह कौन नियंत्रित करता है?,categorical_direct,,Control over timing is critical for AWD practice.,समय पर नियंत्रण AWD प्रथा के लिए महत्वपूर्ण है।,FARMER_KNOWLEDGE,AWD,HIGH,,"control IN (FULL_CONTROL,SHARED_SCHEDULE,CANAL_SCHEDULE,NO_CONTROL)",FALSE,TRUE,100,v1.0
ADV_D2_003,D2,Infrastructure & Access,bund_condition,3,What is the condition of your field bunds (meds)?,आपके खेत की मेड़ों की स्थिति क्या है?,categorical_direct,,"Good bunds are essential to maintain water levels. Check for cracks, holes, rat burrows.","पानी के स्तर को बनाए रखने के लिए अच्छी मेड़ें आवश्यक हैं। दरारें, छेद, चूहे के बिल देखें।",VISUAL_OBSERVATION,AWD,HIGH,,"bund IN (EXCELLENT,GOOD,MINOR_LEAKS,POOR,NO_BUNDS)",TRUE,TRUE,95,v1.0
ADV_D2_004,D2,Infrastructure & Access,field_leveling,4,Is your field leveled?,क्या आपका खेत समतल है?,categorical_direct,,Laser leveling is best. Good leveling helps maintain uniform water depth.,लेजर लेवलिंग सबसे अच्छी है। अच्छी लेवलिंग एक समान पानी की गहराई बनाए रखने में मदद करती है।,VISUAL_OBSERVATION,AWD,MEDIUM,,"leveling IN (LASER_LEVELED,WELL_LEVELED,MODERATE,UNEVEN)",FALSE,TRUE,75,v1.0
ADV_D2_005,D2,Infrastructure & Access,water_depth_measure,5,"Can you measure water depth in your field? (e.g., using pani pipe/tube)","क्या आप अपने खेत में पानी की गहराई माप सकते हैं? (जैसे, पानी पाइप/ट्यूब का उपयोग करके)",yes_no_explain,,AWD requires monitoring water depth. Simple plastic tube works.,AWD के लिए पानी की गहराई की निगरानी आवश्यक है। साधारण प्लास्टिक ट्यूब काम करती है।,FARMER_KNOWLEDGE,AWD,HIGH,,"measure IN (YES,NO,NEED_TRAINING)",FALSE,TRUE,90,v1.0
ADV_D2_006,D2,Infrastructure & Access,power_type,6,What type of power is used for irrigation pump?,सिंचाई पंप के लिए किस प्रकार की शक्ति का उपयोग किया जाता है?,categorical_direct,,Electric is cheaper per hour but diesel gives more flexibility.,बिजली प्रति घंटा सस्ती है लेकिन डीजल अधिक लचीलापन देता है।,VISUAL_OBSERVATION,AWD,LOW,,"power IN (ELECTRIC_GRID,DIESEL,SOLAR,NOT_APPLICABLE)",FALSE,TRUE,50,v1.0
ADV_D2_007,D2,Infrastructure & Access,erw_source_distance,7,Is there a quarry/stone crusher/cement plant source of rock dust within 50 km?,क्या 50 किमी के भीतर खदान/स्टोन क्रशर/सीमेंट प्लांट से रॉक डस्ट मिल सकता है?,categorical_direct,km,Closer source reduces transport cost and makes repeat application feasible.,निकट स्रोत परिवहन लागत घटाता है और दोहराव आवेदन संभव बनाता है।,FARMER_KNOWLEDGE,ERW,HIGH,,"erw_source_distance IN (YES_WITHIN_10,YES_10_50,NO,DONT_KNOW)",FALSE,TRUE,90,v1.0
ADV_D2_008,D2,Infrastructure & Access,bio_pyrolysis_access,8,Do you have access to a biochar producer/pyrolysis unit within 20 km?,क्या 20 किमी के भीतर बायोचार निर्माता/पाइरोलिसिस यूनिट उपलब्ध है?,categorical_direct,km,Distance to nearest unit affects cost and regular supply.,निकटतम यूनिट की दूरी लागत और नियमित आपूर्ति को प्रभावित करती है।,FARMER_KNOWLEDGE,BIOCHAR,HIGH,,"bio_pyrolysis_access IN (YES_WITHIN_5,YES_5_20,NO,DONT_KNOW)",FALSE,TRUE,80,v1.0
ADV_D2_009,D2,Infrastructure & Access,bio_sourcing_mode,9,"Would you prefer to (A) buy biochar, (B) produce via local unit, or (C) on-farm small kiln?","आप (A) खरीदना, (B) स्थानीय यूनिट से बनवाना, या (C) खेत पर छोटा भट्ठा—क्या पसंद करेंगे?",categorical_direct,,Choose the most realistic option for you.,अपने लिए सबसे यथार्थ विकल्प चुनें।,FARMER_KNOWLEDGE,BIOCHAR,MEDIUM,,"bio_sourcing_mode IN (BUY,LOCAL_UNIT,ON_FARM,UNSURE)",FALSE,TRUE,65,v1.0
ADV_D2_010,D2,Infrastructure & Access,market_distance,10,How far is the nearest input/output market from your field?,आपके खेत से निकटतम इनपुट/आउटपुट बाजार कितनी दूर है?,numeric_direct,km,Measure road distance to where you buy inputs and sell produce.,जहाँ आप इनपुट खरीदते हैं और उपज बेचते हैं वहाँ की सड़क दूरी मापें।,FARMER_KNOWLEDGE,ALL,LOW,,distance >= 0 AND distance <= 100,FALSE,TRUE,40,v1.0
ADV_D3_001,D3,Social & Institutional Context,kvk_distance,1,How far is the nearest KVK (Krishi Vigyan Kendra) or extension center?,निकटतम KVK (कृषि विज्ञान केंद्र) या विस्तार केंद्र कितनी दूर है?,numeric_direct,km,Measure road distance. KVKs provide training and technical support.,सड़क दूरी मापें। KVK प्रशिक्षण और तकनीकी सहायता प्रदान करते हैं।,FARMER_KNOWLEDGE,ALL,MEDIUM,,distance >= 0 AND distance <= 100,FALSE,TRUE,60,v1.0
ADV_D3_002,D3,Social & Institutional Context,extension_contact,2,How many times did extension agents contact you in the LAST YEAR?,पिछले वर्ष में विस्तार एजेंटों ने आपसे कितनी बार संपर्क किया?,categorical_direct,times,"Count visits, calls, SMS, training invitations from government or NGO extension.","सरकारी या एनजीओ विस्तार से मुलाकातें, कॉल, एसएमएस, प्रशिक्षण आमंत्रण गिनें।",FARMER_KNOWLEDGE,ALL,MEDIUM,,"contact IN (FREQUENT,MODERATE,RARE,NONE)",FALSE,TRUE,55,v1.0
ADV_D3_003,D3,Social & Institutional Context,awd_prevalence,3,What percentage of farmers in your village practice AWD (water saving in rice)?,आपके गाँव में कितने प्रतिशत किसान AWD (चावल में पानी की बचत) का अभ्यास करते हैं?,categorical_direct,%,Estimate how common AWD or similar water-saving practices are.,अनुमान लगाएं कि AWD या इसी तरह की पानी बचत प्रथाएं कितनी सामान्य हैं।,FARMER_KNOWLEDGE,AWD,MEDIUM,,"prevalence IN (COMMON,SOME,FEW,NONE)",FALSE,TRUE,70,v1.0
ADV_D3_004,D3,Social & Institutional Context,peer_farmers,4,Do you know other farmers nearby who practice AWD or similar methods?,क्या आप आस-पास के अन्य किसानों को जानते हैं जो AWD या समान विधियों का अभ्यास करते हैं?,yes_no_count,,Peer learning is powerful. Name count shows network strength.,सहकर्मी सीखना शक्तिशाली है। नाम गिनती नेटवर्क शक्ति दर्शाती है।,FARMER_KNOWLEDGE,AWD,LOW,,"peer IN (YES_MANY,YES_FEW,NO)",FALSE,TRUE,50,v1.0
ADV_D3_005,D3,Social & Institutional Context,farmer_reputation,5,Are you considered a progressive/innovative farmer in your community?,क्या आपको अपने समुदाय में एक प्रगतिशील/अभिनव किसान माना जाता है?,categorical_direct,,Leaders help spread practices. Be honest - others' perception matters.,नेता प्रथाओं को फैलाने में मदद करते हैं। ईमानदार रहें - दूसरों की धारणा मायने रखती है।,FARMER_KNOWLEDGE,ALL,LOW,,"reputation IN (WELL_KNOWN,KNOWN,AVERAGE,NOT_KNOWN)",FALSE,TRUE,45,v1.0
ADV_D4_001,D4,Legal & Baseline Eligibility,land_ownership,1,What is your land ownership status?,आपकी भूमि स्वामित्व स्थिति क्या है?,categorical_direct,,Clear ownership or long-term lease (5+ years) is needed for carbon projects.,कार्बन परियोजनाओं के लिए स्पष्ट स्वामित्व या दीर्घकालिक पट्टा (5+ वर्ष) आवश्यक है।,RECORDS,ALL,HIGH,,"ownership IN (OWNED_CLEAR,OWNED_DISPUTED,LEASED_LONG,LEASED_SHORT,SHARECROP)",TRUE,TRUE,100,v1.0
ADV_D4_002,D4,Legal & Baseline Eligibility,land_documents,2,"Do you have land ownership documents (patta, registry, lease agreement)?","क्या आपके पास भूमि स्वामित्व दस्तावेज (पट्टा, रजिस्ट्री, पट्टा समझौता) हैं?",yes_no,,Documents are required to prove eligibility and for carbon credit registration.,पात्रता साबित करने और कार्बन क्रेडिट पंजीकरण के लिए दस्तावेज आवश्यक हैं।,RECORDS,ALL,HIGH,,"documents IN (YES,NO)",TRUE,TRUE,95,v1.0
ADV_D4_003,D4,Legal & Baseline Eligibility,current_water_mgmt,3,What is your CURRENT water management practice in rice?,चावल में आपकी वर्तमान जल प्रबंधन प्रथा क्या है?,categorical_direct,,Be honest. Carbon credits require CHANGE from baseline (continuous flooding).,ईमानदार रहें। कार्बन क्रेडिट के लिए आधार रेखा (निरंतर जलभराव) से बदलाव की आवश्यकता है।,FARMER_KNOWLEDGE,AWD,HIGH,,"current_practice IN (CONTINUOUS_FLOOD,INTERMITTENT,AWD_ALREADY,AEROBIC,RAINFED)",FALSE,TRUE,100,v1.0
ADV_D4_004,D4,Legal & Baseline Eligibility,practice_years,4,How many years have you been practicing your CURRENT water management method?,आप कितने वर्षों से अपनी वर्तमान जल प्रबंधन विधि का अभ्यास कर रहे हैं?,numeric_direct,years,Needed to establish baseline. Carbon credits require additionality (new practice).,आधार रेखा स्थापित करने के लिए आवश्यक। कार्बन क्रेडिट के लिए अतिरिक्तता (नई प्रथा) की आवश्यकता है।,FARMER_KNOWLEDGE,AWD,HIGH,,years >= 0 AND years <= 50,FALSE,TRUE,90,v1.0
ADV_D4_005,D4,Legal & Baseline Eligibility,legal_restrictions,5,Are there any legal restrictions on changing your water management practice?,क्या आपकी जल प्रबंधन प्रथा को बदलने पर कोई कानूनी प्रतिबंध हैं?,yes_no_explain,,"Check for water use rules, canal schedules, government mandates.","जल उपयोग नियम, नहर कार्यक्रम, सरकारी आदेश जांचें।",FARMER_KNOWLEDGE,AWD,MEDIUM,,"restriction IN (YES,NO,UNSURE)",FALSE,TRUE,75,v1.0
ADV_D4_006,D4,Legal & Baseline Eligibility,commitment_5yr,6,Are you willing to commit to the new practice for at least 5 years?,क्या आप कम से कम 5 वर्षों के लिए नई प्रथा अपनाने को प्रतिबद्ध हैं?,categorical_direct,,Carbon projects require multi-year commitment for credibility and permanence.,विश्वसनीयता और स्थायित्व के लिए कार्बन परियोजनाओं को बहु-वर्षीय प्रतिबद्धता की आवश्यकता है।,FARMER_KNOWLEDGE,AWD,HIGH,,"commitment IN (YES,NO,UNSURE)",FALSE,TRUE,90,v1.1
ADV_D4_007,D4,Legal & Baseline Eligibility,bio_no_open_burning,7,"If biochar pathway is considered, will you commit to avoiding open burning of residues?","यदि बायोचार पाथवे पर विचार हो, तो क्या आप अवशेष खुले में न जलाने की प्रतिबद्धता देंगे?",yes_no,,Open burning avoidance is critical for biochar carbon integrity.,बायोचार कार्बन अखंडता के लिए खुले में जलाने से बचना महत्वपूर्ण है।,FARMER_KNOWLEDGE,BIOCHAR,HIGH,,"bio_no_open_burning IN (YES,NO)",FALSE,TRUE,80,v1.1
ADV_D4_008,D4,Legal & Baseline Eligibility,erw_traceability_willingness,8,Can you keep purchase receipts and record application dates/area for rock dust (ERW)?,क्या आप ERW रॉक डस्ट के लिए खरीद रसीद और आवेदन तिथि/क्षेत्र का रिकॉर्ड रख सकते हैं?,categorical_direct,,Receipts + dates + area are required for ERW verification and MRV.,ERW सत्यापन और MRV के लिए रसीद + तिथि + क्षेत्र आवश्यक हैं।,RECORDS,ERW,HIGH,,"erw_traceability IN (YES,YES_WITH_HELP,DIFFICULT,NO)",FALSE,TRUE,80,v1.1
ADV_D5_001,D5,Economic Viability,rice_yield,1,What is your typical rice yield in the LAST 3 YEARS average?,पिछले 3 वर्षों की औसत आपकी विशिष्ट चावल उपज क्या है?,numeric_direct,t/ha,Convert quintals to tonnes if needed (1 tonne = 10 quintals). Average across years.,यदि आवश्यक हो तो क्विंटल को टन में बदलें (1 टन = 10 क्विंटल)। वर्षों में औसत लें।,FARMER_KNOWLEDGE,AWD,HIGH,,yield >= 0 AND yield <= 15,FALSE,TRUE,90,v1.0
ADV_D5_002,D5,Economic Viability,irrigation_cost,2,What is your total irrigation cost per rice season?,प्रति चावल सीजन आपकी कुल सिंचाई लागत क्या है?,numeric_direct,INR/ha,"Include electricity/diesel, pump maintenance, water charges. Per hectare.","बिजली/डीजल, पंप रखरखाव, पानी शुल्क शामिल करें। प्रति हेक्टेयर।",FARMER_KNOWLEDGE,AWD,HIGH,,cost >= 0 AND cost <= 100000,FALSE,TRUE,85,v1.0
ADV_D5_003,D5,Economic Viability,labor_availability,3,Do you have adequate family labor for DAILY monitoring during critical periods?,क्या आपके पास महत्वपूर्ण अवधि के दौरान दैनिक निगरानी के लिए पर्याप्त पारिवारी श्रम है?,categorical_direct,,AWD requires checking water depth every 1-3 days during key stages.,AWD के लिए प्रमुख चरणों के दौरान हर 1-3 दिनों में पानी की गहराई की जांच आवश्यक है।,FARMER_KNOWLEDGE,AWD,MEDIUM,,"labor IN (FAMILY_ADEQUATE,FAMILY_SOME,NEED_HIRE,DIFFICULT)",FALSE,TRUE,70,v1.0
ADV_D5_004,D5,Economic Viability,investment_capacity,4,"What is your available investment capacity for new equipment (pipes, tools)?","नए उपकरण (पाइप, औजार) के लिए आपकी उपलब्ध निवेश क्षमता क्या है?",categorical_direct,INR,"Initial AWD setup may need ₹2,000-10,000 for pipes, measurement tools.","प्रारंभिक AWD सेटअप के लिए पाइप, माप उपकरण के लिए ₹2,000-10,000 की आवश्यकता हो सकती है।",FARMER_KNOWLEDGE,AWD,MEDIUM,,"invest IN (MORE_50K,INR_25_50K,INR_10_25K,LESS_10K,NONE)",FALSE,TRUE,65,v1.0
ADV_D5_005,D5,Economic Viability,credit_access,5,"How easy is it for you to access credit (bank loan, KCC, moneylender)?","आपके लिए ऋण (बैंक ऋण, KCC, साहूकार) तक पहुंचना कितना आसान है?",categorical_direct,,Credit helps buffer risk during transition period.,ऋण संक्रमण अवधि के दौरान जोखिम को कम करने में मदद करता है।,FARMER_KNOWLEDGE,ALL,LOW,,"access IN (EASY,MODERATE,DIFFICULT,NO_ACCESS)",FALSE,TRUE,50,v1.0
ADV_D5_006,D5,Economic Viability,erw_transport_spread_feasibility,6,Can you transport and spread 1–5 tonnes/ha of material?,क्या आप 1–5 टन/हेक्टेयर सामग्री ढोकर खेत में फैला सकते हैं?,categorical_direct,,"Answer based on your labor, vehicle, and local hiring options.","अपने श्रम, वाहन, और स्थानीय मजदूरी उपलब्धता के आधार पर उत्तर दें।",FARMER_KNOWLEDGE,ERW,HIGH,,"erw_transport_spread_feasibility IN (EASY,POSSIBLE_WITH_SUPPORT,DIFFICULT,NOT_POSSIBLE)",FALSE,TRUE,85,v1.0
ADV_D6_001,D6,Carbon Potential & Program Timing,total_area,1,What is your TOTAL rice area where you will practice AWD?,आपका कुल चावल क्षेत्र क्या है जहाँ आप AWD का अभ्यास करेंगे?,numeric_direct,ha,Enter actual measurement in hectares. Include all rice plots.,हेक्टेयर में वास्तविक माप दर्ज करें। सभी चावल भूखंड शामिल करें।,FARMER_KNOWLEDGE,AWD,HIGH,,area > 0 AND area <= 100,FALSE,TRUE,95,v1.0
ADV_D6_002,D6,Carbon Potential & Program Timing,rice_seasons,2,How many flooded rice seasons do you have per year?,आपके पास प्रति वर्ष कितने जलमग्न चावल सीजन हैं?,categorical_direct,seasons,Count only flooded/irrigated rice. Upland rice doesn't qualify for AWD.,केवल जलमग्न/सिंचित चावल गिनें। ऊंची जमीन का चावल AWD के लिए योग्य नहीं है।,FARMER_KNOWLEDGE,AWD,HIGH,,"seasons IN (ONE,TWO,THREE)",FALSE,TRUE,80,v1.0
ADV_D6_003,D6,Carbon Potential & Program Timing,expansion_plan,3,Do you plan to EXPAND AWD to more area in next 3 years?,क्या आप अगले 3 वर्षों में अधिक क्षेत्र में AWD का विस्तार करने की योजना बना रहे हैं?,yes_no_area,,Growth potential matters for project scaling.,परियोजना स्केलिंग के लिए विकास क्षमता मायने रखती है।,FARMER_KNOWLEDGE,AWD,LOW,,"expansion IN (YES,NO,UNSURE)",FALSE,TRUE,40,v1.0
ADV_D6_004,D6,Carbon Potential & Program Timing,previous_carbon_project,4,Have you participated in any emission reduction or carbon project before?,क्या आपने पहले किसी उत्सर्जन कटौती या कार्बन परियोजना में भाग लिया है?,yes_no,,Previous experience affects eligibility (double-counting rules).,पिछला अनुभव पात्रता को प्रभावित करता है (दोहरी गिनती नियम)।,FARMER_KNOWLEDGE,ALL,MEDIUM,,"previous IN (YES,NO)",FALSE,TRUE,60,v1.0
ADV_D6_005,D6,Carbon Potential & Program Timing,next_season_start,5,When will you start the next relevant season/practice window for this pathway?,इस पाथवे के लिए अगला सीजन/प्रथा विंडो आप कब शुरू करेंगे?,categorical_direct,,Used for cohort scheduling. Choose the closest window; we will confirm dates later.,कोहोर्ट शेड्यूलिंग के लिए। सबसे निकट विंडो चुनें; बाद में तारीखें कन्फर्म करेंगे।,FARMER_KNOWLEDGE,ALL,MEDIUM,,"next_season_start IN (WITHIN_2_WEEKS,WITHIN_1_MONTH,IN_1_3_MONTHS,IN_3_6_MONTHS,NOT_SURE)",FALSE,TRUE,85,v1.0
ADV_D7_001,D7,Regenerative Practice Baseline,regen_tillage_intensity,1,What is your tillage practice for the main crop?,मुख्य फसल के लिए आपकी जुताई प्रथा क्या है?,categorical_direct,,Lower disturbance usually supports soil carbon and structure over time.,कम जुताई सामान्यतः समय के साथ मृदा कार्बन और संरचना में मदद करती है।,VISUAL_OBSERVATION,REGEN,HIGH,,"regen_tillage_intensity IN (DEEP_PLOUGH,MULTIPLE_TILL,MIN_TILL,ZERO_TILL)",FALSE,TRUE,90,v1.0
ADV_D7_002,D7,Regenerative Practice Baseline,regen_residue_management,2,What do you do with crop residues?,आप फसल अवशेषों का क्या करते हैं?,categorical_direct,,Residue retention/mulching increases carbon input; burning reduces carbon and harms air quality.,अवशेष रखना/मल्चिंग कार्बन इनपुट बढ़ाता है; जलाना कार्बन घटाता है और वायु गुणवत्ता खराब करता है।,VISUAL_OBSERVATION,REGEN,HIGH,,"regen_residue_management IN (BURN,REMOVE,PARTIAL_RETAIN,FULL_RETAIN_MULCH,COMPOST)",FALSE,TRUE,90,v1.0
ADV_D7_003,D7,Regenerative Practice Baseline,regen_organic_amendments,3,Do you apply FYM/compost/vermicompost? How often?,क्या आप गोबर खाद/कम्पोस्ट/वर्मी कम्पोस्ट डालते हैं? कितनी बार?,categorical_direct,,Regular organic inputs are key for SOC building.,नियमित जैविक इनपुट SOC बढ़ाने के लिए महत्वपूर्ण हैं।,FARMER_KNOWLEDGE,REGEN,HIGH,,"regen_organic_amendments IN (EVERY_SEASON,ONCE_YEAR,OCCASIONAL,NEVER)",FALSE,TRUE,85,v1.0
ADV_D7_004,D7,Regenerative Practice Baseline,regen_cover_crop,4,Do you keep the soil covered with a cover crop/green manure in off-season?,क्या आप ऑफ-सीजन में कवर क्रॉप/हरी खाद से मिट्टी ढकी रखते हैं?,categorical_direct,,Living roots improve soil biology and carbon inputs.,जीवित जड़ें मृदा जैविकी और कार्बन इनपुट बढ़ाती हैं।,FARMER_KNOWLEDGE,REGEN,HIGH,,"regen_cover_crop IN (YES_REGULAR,SOMETIMES,NO)",FALSE,TRUE,85,v1.0
ADV_D7_005,D7,Regenerative Practice Baseline,regen_rotation_diversity,5,How diverse is your crop rotation in the last 3 years?,पिछले 3 वर्षों में आपकी फसल चक्र विविधता कैसी है?,categorical_direct,,More diversity (especially legumes) supports soil health and SOC.,अधिक विविधता (विशेषकर दलहन) मृदा स्वास्थ्य और SOC में मदद करती है।,FARMER_KNOWLEDGE,REGEN,MEDIUM,,"regen_rotation_diversity IN (MONOCROP,TWO_CROPS,THREEPLUS_CROPS,INCLUDES_LEGUME)",FALSE,TRUE,70,v1.0
ADV_D7_006,D7,Regenerative Practice Baseline,regen_intercropping_legumes,6,Do you intercrop or include legumes (dal/beans) in any season?,क्या आप इंटरक्रॉपिंग या दलहन (दाल/बीन्स) शामिल करते हैं?,categorical_direct,,Legumes improve nitrogen cycling and can support SOC gains.,दलहन नाइट्रोजन चक्र में सुधार करते हैं और SOC बढ़ाने में मदद कर सकते हैं।,FARMER_KNOWLEDGE,REGEN,MEDIUM,,"regen_intercropping_legumes IN (REGULAR,SOMETIMES,NO)",FALSE,TRUE,60,v1.0
ADV_D7_007,D7,Regenerative Practice Baseline,regen_livestock_manure_use,7,Do you have livestock and use manure on fields?,क्या आपके पास पशु हैं और क्या आप खेत में गोबर का उपयोग करते हैं?,categorical_direct,,Manure availability supports organic inputs and SOC building.,गोबर उपलब्धता जैविक इनपुट और SOC बढ़ाने में मदद करती है।,VISUAL_OBSERVATION,REGEN,MEDIUM,,"regen_livestock_manure_use IN (YES_STRONG,YES_SOME,NO)",FALSE,TRUE,55,v1.0
ADV_D7_008,D7,Regenerative Practice Baseline,regen_willingness,8,Are you willing to try at least one new soil-health practice (reduced tillage/residue retention/cover crop) next season?,क्या आप अगले सीजन में कम से कम एक नई मृदा-स्वास्थ्य प्रथा (कम जुताई/अवशेष रखना/कवर क्रॉप) आजमाने को तैयार हैं?,categorical_direct,,This helps assess your openness to regenerative practices.,यह रेजेनरेटिव प्रथाओं के प्रति आपकी खुलेपन का आकलन करता है।,FARMER_KNOWLEDGE,REGEN,HIGH,,"regen_willingness IN (YES,MAYBE,NO)",FALSE,TRUE,80,v1.1
ADV_D8_001,D8,Material Handling,erw_material_type,1,What type of rock dust is available?,कौन सा रॉक डस्ट उपलब्ध है?,categorical_direct,,Basalt is generally preferred for ERW. Limestone/dolomite behave more like liming materials.,बेसाल्ट सामान्यतः ERW के लिए बेहतर है। लाइमस्टोन/डोलोमाइट अधिकतर चूना जैसा व्यवहार करते हैं।,FARMER_KNOWLEDGE,ERW,HIGH,,"erw_material_type IN (BASALT,GRANITE,LIMESTONE,DOLOMITE,MIXED,UNKNOWN)",FALSE,TRUE,85,v1.0
ADV_D8_002,D8,Material Handling,erw_particle_fineness,2,Can the supplier provide fine powder (like <1 mm) rather than coarse grit?,"क्या सप्लायर महीन पाउडर (<1 मिमी) दे सकता है, मोटा कंकड़ नहीं?",categorical_direct,,Finer material reacts faster and is better for carbon benefit.,महीन सामग्री तेजी से प्रतिक्रिया करती है और कार्बन लाभ के लिए बेहतर है।,VISUAL_OBSERVATION,ERW,HIGH,,"erw_particle_fineness IN (FINE,MIXED,COARSE,UNKNOWN)",FALSE,TRUE,85,v1.0
ADV_D8_003,D8,Material Handling,erw_incorporation_ability,3,Can you incorporate (mix) material into top 10–15 cm soil?,क्या आप सामग्री को मिट्टी की ऊपरी 10–15 सेमी परत में मिला सकते हैं?,categorical_direct,,Mixing improves contact with soil and increases effectiveness.,मिट्टी में मिलाने से संपर्क बढ़ता है और प्रभावशीलता बढ़ती है।,VISUAL_OBSERVATION,ERW,MEDIUM,,"erw_incorporation_ability IN (YES_TRACTOR_TILL,YES_LIGHT_TILL,NO_ZERO_TILL_ONLY,UNSURE)",FALSE,TRUE,70,v1.0
ADV_D8_004,D8,Material Handling,erw_moisture_after_application,4,"After application, do you have irrigation or reliable rainfall to wet the soil?",आवेदन के बाद मिट्टी गीली रखने के लिए सिंचाई/विश्वसनीय वर्षा है?,categorical_direct,,"Moisture helps dissolution and reaction (co-benefit, not a strict gate).","नमी घुलने और प्रतिक्रिया में मदद करती है (सह-लाभ, अनिवार्य नहीं)।",FARMER_KNOWLEDGE,ERW,MEDIUM,,"erw_moisture_after_application IN (RELIABLE,SOMETIMES,RARE,NONE)",FALSE,TRUE,55,v1.0
ADV_D8_005,D8,Material Handling,erw_incorporation,5,Can you incorporate (mix) rock dust material into top 10-15 cm soil?,क्या आप रॉक डस्ट सामग्री को मिट्टी की ऊपरी 10-15 सेमी परत में मिला सकते हैं?,categorical_direct,,Mixing improves contact with soil and increases effectiveness.,मिट्टी में मिलाने से संपर्क बढ़ता है और प्रभावशीलता बढ़ती है।,VISUAL_OBSERVATION,ERW,MEDIUM,,"erw_incorporation IN (YES_TRACTOR_TILL,YES_LIGHT_TILL,NO_ZERO_TILL_ONLY,UNSURE)",FALSE,TRUE,70,v1.1
ADV_D8_006,D8,Material Handling,erw_moisture_support,6,"After rock dust application, do you have irrigation or reliable rainfall to wet the soil?","रॉक डस्ट आवेदन के बाद, मिट्टी गीली रखने के लिए सिंचाई/विश्वसनीय वर्षा है?",categorical_direct,,Moisture helps dissolution and mineral weathering reaction.,नमी घुलने और खनिज अपक्षय प्रतिक्रिया में मदद करती है।,FARMER_KNOWLEDGE,ERW,MEDIUM,,"erw_moisture IN (RELIABLE,SOMETIMES,RARE,NONE)",FALSE,TRUE,55,v1.1
ADV_D8_007,D8,Material Handling,erw_traceability,7,Can you keep records of rock dust source/type and application dates/area?,क्या आप रॉक डस्ट स्रोत/प्रकार और आवेदन तिथि/क्षेत्र का रिकॉर्ड रख सकते हैं?,categorical_direct,,Traceability is required for carbon-grade ERW verification.,कार्बन-ग्रेड ERW सत्यापन के लिए ट्रेसबिलिटी आवश्यक है।,RECORDS,ERW,HIGH,,"erw_traceability IN (YES,YES_WITH_HELP,DIFFICULT,NO)",FALSE,TRUE,80,v1.1
ADV_D9_001,D9,MRV & Program Enrollment Readiness,commitment_duration,1,Are you willing to participate in AWD practice for 5+ years?,क्या आप 5+ वर्षों के लिए AWD प्रथा में भाग लेने के लिए तैयार हैं?,yes_no,,Carbon projects require multi-year commitment for credibility and permanence.,विश्वसनीयता और स्थायित्व के लिए कार्बन परियोजनाओं को बहु-वर्षीय प्रतिबद्धता की आवश्यकता है।,FARMER_KNOWLEDGE,AWD,HIGH,,"commitment IN (YES,NO,UNSURE)",FALSE,TRUE,85,v1.0
ADV_D9_002,D9,MRV & Program Enrollment Readiness,program_consent,2,Are you willing to enroll in our program and share basic data/photos for verification?,क्या आप हमारे कार्यक्रम में नामांकन और सत्यापन के लिए मूल डेटा/फोटो साझा करने के लिए तैयार हैं?,categorical_direct,,"Enrollment requires consent to share basic information (field photo, practice records) for program support and verification.","नामांकन के लिए कार्यक्रम सहायता और सत्यापन हेतु मूल जानकारी (खेत फोटो, प्रथा रिकॉर्ड) साझा करने की सहमति आवश्यक है।",FARMER_KNOWLEDGE,ALL,HIGH,,"program_consent IN (YES,MAYBE,NO)",FALSE,TRUE,100,v1.0
ADV_D9_003,D9,MRV & Program Enrollment Readiness,regen_commitment_new_practices,3,Are you willing to adopt at least 2 new soil-health practices for 3+ years?,क्या आप 3+ वर्षों के लिए कम से कम 2 नई मृदा-स्वास्थ्य प्रथाएं अपनाने को तैयार हैं?,yes_no_explain,,Carbon programs require practice change + multi-year commitment.,कार्बन कार्यक्रमों के लिए प्रथा परिवर्तन + बहु-वर्षीय प्रतिबद्धता आवश्यक है।,FARMER_KNOWLEDGE,REGEN,HIGH,,"regen_commitment_new_practices IN (YES,NO,DEPENDS)",FALSE,TRUE,85,v1.0
ADV_D9_004,D9,MRV & Program Enrollment Readiness,bio_no_open_burning_commit,4,"If biochar is promoted, will you avoid open burning of residues?","यदि बायोचार अपनाया जाए, क्या आप अवशेषों की खुले में जलाने से बचेंगे?",yes_no,,This supports carbon integrity and local air quality.,यह कार्बन अखंडता और स्थानीय वायु गुणवत्ता के लिए महत्वपूर्ण है।,FARMER_KNOWLEDGE,BIOCHAR,HIGH,,"bio_no_open_burning_commit IN (YES,NO)",FALSE,TRUE,80,v1.0
ADV_D9_005,D9,MRV & Program Enrollment Readiness,erw_traceability_willingness,5,Are you willing to keep purchase receipts and record application dates/area for ERW?,क्या आप ERW के लिए खरीद रसीद और आवेदन तिथि/क्षेत्र का रिकॉर्ड रखेंगे?,categorical_direct,,Receipts + dates + area are required for verification and MRV.,सत्यापन और MRV के लिए रसीद + तिथि + क्षेत्र आवश्यक हैं।,RECORDS,ERW,HIGH,,"erw_traceability_willingness IN (YES,YES_WITH_HELP,DIFFICULT,NO)",FALSE,TRUE,80,v1.0
ADV_D9_006,D9,MRV & Program Enrollment Readiness,biochar_traceability_willingness,6,"If you buy/produce biochar, can you keep receipts/dispatch notes and record application date/area?","यदि आप बायोचार खरीदें/बनाएं, क्या आप रसीद/डिस्पैच नोट और आवेदन तिथि/क्षेत्र का रिकॉर्ड रख सकते हैं?",categorical_direct,,This is required for carbon-grade MRV (proof of purchase + where/when applied).,यह कार्बन-ग्रेड MRV के लिए आवश्यक है (खरीद प्रमाण + कहाँ/कब उपयोग)।,RECORDS,BIOCHAR,HIGH,,"biochar_traceability_willingness IN (YES,YES_WITH_HELP,DIFFICULT,NO)",FALSE,TRUE,80,v1.0
ADV_D9_007,D9,MRV & Program Enrollment Readiness,mrv_digital_comfort,7,Are you comfortable using a phone/app to record field data (photos/dates/notes)?,क्या आप खेत डेटा (फोटो/तिथि/नोट्स) रिकॉर्ड करने के लिए फोन/ऐप का उपयोग करने में सहज हैं?,categorical_direct,,Digital MRV can simplify record-keeping if phone access exists.,डिजिटल MRV रिकॉर्ड-कीपिंग सरल कर सकता है यदि फोन उपलब्ध हो।,FARMER_KNOWLEDGE,ALL,MEDIUM,,"mrv_digital IN (YES_COMFORTABLE,YES_WITH_HELP,PREFER_PAPER,NO_PHONE)",FALSE,TRUE,65,v1.1
ADV_D9_008,D9,MRV & Program Enrollment Readiness,mrv_verification_acceptance,8,Are you comfortable with a field verifier visiting your farm 1-2 times per season?,क्या आप सीजन में 1-2 बार खेत सत्यापनकर्ता की यात्रा से सहज हैं?,categorical_direct,,Third-party verification is part of carbon program requirements.,तृतीय-पक्ष सत्यापन कार्बन कार्यक्रम आवश्यकताओं का हिस्सा है।,FARMER_KNOWLEDGE,ALL,MEDIUM,,"verification_visit IN (YES,YES_WITH_NOTICE,NO)",FALSE,TRUE,70,v1.1
ADV_I1_001,I1,Human Capital & Capacity,farming_experience,1,How many years of farming experience do you have?,आपको कितने वर्षों का खेती का अनुभव है?,numeric_direct,years,Count years since you started managing fields yourself.,जब से आपने स्वयं खेतों का प्रबंधन शुरू किया तब से वर्ष गिनें।,FARMER_KNOWLEDGE,ALL,LOW,,experience >= 0 AND experience <= 60,FALSE,TRUE,40,v1.0
ADV_I1_002,I1,Human Capital & Capacity,education,2,What is your education level?,आपकी शिक्षा स्तर क्या है?,categorical_direct,,Education helps in understanding technical concepts and record-keeping.,शिक्षा तकनीकी अवधारणाओं और रिकॉर्ड रखने में समझने में मदद करती है।,FARMER_KNOWLEDGE,ALL,MEDIUM,,"education IN (GRADUATE,SECONDARY,PRIMARY,LITERATE,ILLITERATE)",FALSE,TRUE,55,v1.0
ADV_I1_003,I1,Human Capital & Capacity,smartphone,3,Do you have a smartphone with internet access?,क्या आपके पास इंटरनेट एक्सेस वाला स्मार्टफोन है?,yes_no,,"Digital support (apps, video, WhatsApp groups) enhances success.","डिजिटल सहायता (ऐप्स, वीडियो, व्हाट्सएप समूह) सफलता को बढ़ाती है।",VISUAL_OBSERVATION,ALL,LOW,,"smartphone IN (YES,NO)",FALSE,TRUE,45,v1.0
ADV_I1_004,I1,Human Capital & Capacity,record_keeping,4,Can you keep daily records of water levels and irrigation dates?,क्या आप पानी के स्तर और सिंचाई तिथियों का दैनिक रिकॉर्ड रख सकते हैं?,categorical_direct,,AWD requires monitoring and documentation for carbon verification.,AWD के लिए कार्बन सत्यापन के लिए निगरानी और दस्तावेज़ीकरण की आवश्यकता है।,FARMER_KNOWLEDGE,AWD,HIGH,,"records IN (YES_COMFORTABLE,YES_WITH_HELP,DIFFICULT,NO)",FALSE,TRUE,85,v1.0
ADV_I1_005,I1,Human Capital & Capacity,innovation_history,5,Have you tried NEW farming practices in the last 5 years? (Name them),क्या आपने पिछले 5 वर्षों में नई खेती प्रथाओं की कोशिश की है? (नाम बताएं),yes_no_list,,Early adopters are more likely to succeed with AWD.,शुरुआती अपनाने वाले AWD के साथ सफल होने की अधिक संभावना रखते हैं।,FARMER_KNOWLEDGE,ALL,MEDIUM,,"innovation IN (YES_MANY,YES_FEW,NO)",FALSE,TRUE,65,v1.0
ADV_I1_006,I1,Human Capital & Capacity,training_attended,6,How many agriculture trainings have you attended in LAST 2 YEARS?,पिछले 2 वर्षों में आपने कितने कृषि प्रशिक्षण में भाग लिया है?,numeric_count,,Training exposure shows learning attitude.,प्रशिक्षण एक्सपोजर सीखने का रवैया दिखाता है।,FARMER_KNOWLEDGE,ALL,LOW,,trainings >= 0 AND trainings <= 20,FALSE,TRUE,50,v1.0
ADV_I2_001,I2,Resources & Labor,family_members,1,How many working-age family members are available for farm work?,कितने कार्यशील उम्र के परिवार सदस्य खेती के काम के लिए उपलब्ध हैं?,numeric_direct,persons,Count only those who regularly work on farm (age 15-65).,केवल उन्हें गिनें जो नियमित रूप से खेत में काम करते हैं (आयु 15-65)।,FARMER_KNOWLEDGE,ALL,MEDIUM,,members >= 0 AND members <= 15,FALSE,TRUE,60,v1.0
ADV_I2_002,I2,Resources & Labor,daily_field_visit,2,Can someone from your family visit the field DAILY during rice season?,क्या आपके परिवार से कोई चावल के मौसम में दैनिक रूप से खेत का दौरा कर सकता है?,yes_no,,Daily monitoring is essential for AWD success.,AWD सफलता के लिए दैनिक निगरानी आवश्यक है।,FARMER_KNOWLEDGE,AWD,HIGH,,"visit IN (YES,NO,MOST_DAYS)",FALSE,TRUE,90,v1.0
ADV_I2_003,I2,Resources & Labor,seasonal_labor,3,How easy is it to hire seasonal labor in your area?,आपके क्षेत्र में मौसमी श्रम किराए पर लेना कितना आसान है?,categorical_direct,,Labor availability affects ability to implement practices.,श्रम उपलब्धता प्रथाओं को लागू करने की क्षमता को प्रभावित करती है।,FARMER_KNOWLEDGE,ALL,LOW,,"labor IN (EASY,MODERATE,DIFFICULT,NOT_AVAILABLE)",FALSE,TRUE,45,v1.0
ADV_I2_004,I2,Resources & Labor,equipment_owned,4,Which equipment/tools do you OWN? (Select all that apply),आपके पास कौन से उपकरण/औजार हैं? (सभी लागू का चयन करें),multi_select_checklist,,Equipment reduces dependency and costs.,उपकरण निर्भरता और लागत को कम करते हैं।,VISUAL_OBSERVATION,ALL,LOW,,"equipment IN (PUMP,SPRAYER,TOOLS,VEHICLE,TRACTOR,POWER_TILLER,OTHER)",FALSE,TRUE,40,v1.0
ADV_I2_005,I2,Resources & Labor,ops_bottleneck,5,What is the biggest operational bottleneck on your farm during peak season?,व्यस्त मौसम में आपके खेत पर सबसे बड़ी संचालन बाधा क्या है?,categorical_direct,,This helps us design the right support package.,यह हमें सही सहायता पैकेज तैयार करने में मदद करता है।,FARMER_KNOWLEDGE,ALL,MEDIUM,,"bottleneck IN (LABOR,EQUIPMENT,WATER_TIMING,TRANSPORT,NONE)",FALSE,TRUE,55,v1.1
ADV_I3_001,I3,Financial Capacity,bank_account,1,What is your bank account status?,आपके बैंक खाते की स्थिति क्या है?,categorical_direct,,Active KCC (Kisan Credit Card) best. Needed for carbon payment transfer.,सक्रिय KCC (किसान क्रेडिट कार्ड) सर्वोत्तम। कार्बन भुगतान हस्तांतरण के लिए आवश्यक।,RECORDS,ALL,MEDIUM,,"account IN (ACTIVE_KCC,ACTIVE_SAVINGS,INACTIVE,NONE)",FALSE,TRUE,75,v1.0
ADV_I3_002,I3,Financial Capacity,savings_available,2,What is your current savings/reserve fund?,आपकी वर्तमान बचत/आरक्षित निधि क्या है?,categorical_direct,INR,Buffer for transition period risks. Be honest for realistic planning.,संक्रमण अवधि जोखिमों के लिए बफर। यथार्थवादी योजना के लिए ईमानदार रहें।,FARMER_KNOWLEDGE,ALL,MEDIUM,,"savings IN (MORE_100K,INR_50_100K,INR_25_50K,INR_10_25K,LESS_10K)",FALSE,TRUE,65,v1.0
ADV_I3_003,I3,Financial Capacity,debt_status,3,What is your current debt situation?,आपकी वर्तमान ऋण स्थिति क्या है?,categorical_direct,,High debt reduces risk tolerance. Important for planning support.,उच्च ऋण जोखिम सहनशीलता को कम करता है। सहायता योजना के लिए महत्वपूर्ण।,FARMER_KNOWLEDGE,ALL,MEDIUM,,"debt IN (NO_DEBT,MANAGEABLE,HIGH,VERY_HIGH)",FALSE,TRUE,70,v1.0
ADV_I3_004,I3,Financial Capacity,crop_insurance,4,Are you enrolled in crop insurance (PMFBY or other)?,क्या आप फसल बीमा (PMFBY या अन्य) में नामांकित हैं?,yes_no,,Insurance reduces weather risk during practice change.,अभ्यास परिवर्तन के दौरान बीमा मौसम जोखिम को कम करता है।,RECORDS,ALL,LOW,,"insurance IN (YES,NO)",FALSE,TRUE,50,v1.0
ADV_I3_005,I3,Financial Capacity,coinvestment_willingness,5,Are you willing to co-invest 30% of setup costs (with 70% support)?,क्या आप सेटअप लागत का 30% सह-निवेश करने को तैयार हैं (70% सहायता के साथ)?,yes_no,,Skin-in-the-game shows commitment. Required by many carbon programs.,स्किन-इन-द-गेम प्रबद्धता दिखाता है। कई कार्बन कार्यक्रमों द्वारा आवश्यक।,FARMER_KNOWLEDGE,ALL,HIGH,,"coinvest IN (YES,MAYBE,NO)",FALSE,TRUE,80,v1.0
ADV_I3_006,I3,Financial Capacity,financial_stress_period,6,In which period do you face the most financial stress?,आप किस अवधि में सबसे अधिक वित्तीय तनाव का सामना करते हैं?,categorical_direct,,Helps time incentive payments and support around stress periods.,प्रोत्साहन भुगतान और सहायता को तनाव अवधि के अनुसार समायोजित करने में मदद करता है।,FARMER_KNOWLEDGE,ALL,LOW,,"stress_period IN (PRE_SOWING,MID_SEASON,HARVEST,POST_HARVEST,NO_MAJOR_STRESS)",FALSE,TRUE,50,v1.1
ADV_I4_001,I4,Risk Management,crop_diversification,1,Do you grow crops other than rice? (Which ones?),क्या आप चावल के अलावा अन्य फसलें उगाते हैं? (कौन सी?),yes_no_list,,Diversification reduces income risk.,विविधीकरण आय जोखिम को कम करता है।,FARMER_KNOWLEDGE,ALL,LOW,,"diversification IN (YES_MANY,YES_FEW,NO)",FALSE,TRUE,45,v1.0
ADV_I4_002,I4,Risk Management,income_sources,2,Do you have income sources OTHER than farming? (List them),क्या आपके पास खेती के अलावा आय स्रोत हैं? (सूचीबद्ध करें),yes_no_list,,Off-farm income provides safety net during transition.,खेती के बाहर आय संक्रमण के दौरान सुरक्षा जाल प्रदान करती है।,FARMER_KNOWLEDGE,ALL,LOW,,"other_income IN (YES_SIGNIFICANT,YES_MINOR,NO)",FALSE,TRUE,40,v1.0
ADV_I4_003,I4,Risk Management,risk_tolerance,3,How do you rate your willingness to try new practices with some risk?,कुछ जोखिम के साथ नई प्रथाओं को आजमाने की आपकी इच्छा को आप कैसे रेट करते हैं?,categorical_direct,,Be honest. AWD has low risk but perception matters.,ईमानदार रहें। AWD में कम जोखिम है लेकिन धारणा मायने रखती है।,FARMER_KNOWLEDGE,ALL,MEDIUM,,"risk IN (HIGH,MODERATE,LOW,VERY_LOW)",FALSE,TRUE,60,v1.0
ADV_I4_004,I4,Risk Management,reversibility_preference,4,"If the selected pathway/practice does not work as expected, how important is it for you to return quickly to your old method?","यदि चुना गया पाथवे/प्रथा अपेक्षा के अनुसार काम न करे, तो आपके लिए अपनी पुरानी विधि पर जल्दी वापस जाना कितना महत्वपूर्ण है?",categorical_direct,,Pathway reversibility affects farmer comfort with change and adoption risk.,पाथवे की प्रतिवर्तनीयता किसान के परिवर्तन-आराम और अपनाने के जोखिम को प्रभावित करती है।,FARMER_KNOWLEDGE,ALL,MEDIUM,,"reversible IN (MUST_BE,PREFER,FLEXIBLE,COMMITTED_LONG)",FALSE,TRUE,55,v1.0
ADV_I4_005,I4,Risk Management,trial_area_preference,5,"If trying a new practice, what share of your field would you start with?","यदि नई प्रथा आजमाएं, तो आप अपने खेत का कितना हिस्सा शुरू करेंगे?",categorical_direct,,Smaller trials reduce risk and build confidence.,छोटे परीक्षण जोखिम कम करते हैं और आत्मविश्वास बनाते हैं।,FARMER_KNOWLEDGE,ALL,MEDIUM,,"trial_area IN (PCT_10,PCT_25,PCT_50,FULL_AREA,NO_TRIAL)",FALSE,TRUE,55,v1.1
ADV_I5_001,I5,Support & Extension Access,farmer_group_member,1,"Are you a member of any farmer producer group (FPO, SHG, cooperative)?","क्या आप किसी किसान उत्पादक समूह (FPO, SHG, सहकारी) के सदस्य हैं?",yes_no,,Groups provide collective support and bargaining power.,समूह सामूहिक समर्थन और सौदेबाजी शक्ति प्रदान करते हैं।,FARMER_KNOWLEDGE,ALL,MEDIUM,,"member IN (YES,NO)",FALSE,TRUE,60,v1.0
ADV_I5_002,I5,Support & Extension Access,peer_network,2,How many farmers do you regularly interact with to discuss farming?,आप नियमित रूप से कितने किसानों के साथ खेती पर चर्चा करने के लिए बातचीत करते हैं?,categorical_direct,,Strong network accelerates learning and problem-solving.,मजबूत नेटवर्क सीखने और समस्या समाधान को तेज करता है।,FARMER_KNOWLEDGE,ALL,MEDIUM,,"network IN (STRONG,MODERATE,WEAK,ISOLATED)",FALSE,TRUE,65,v1.0
ADV_I5_003,I5,Support & Extension Access,extension_trust,3,How much do you trust advice from government extension agents?,आप सरकारी विस्तार एजेंटों की सलाह पर कितना भरोसा करते हैं?,categorical_direct,,Trust affects adoption of extension recommendations.,विश्वास विस्तार सिफारिशों को अपनाने को प्रभावित करता है।,FARMER_KNOWLEDGE,ALL,LOW,,"trust IN (HIGH,MODERATE,LOW,NONE)",FALSE,TRUE,50,v1.0
ADV_I5_004,I5,Support & Extension Access,support_level_general,4,What level of project support do you want for implementing the selected pathway?,चयनित पाथवे लागू करने के लिए आप किस स्तर की परियोजना सहायता चाहते हैं?,categorical_direct,,Set your preferred support intensity. Higher support improves success but requires more engagement.,अपनी पसंदीदा सहायता तीव्रता चुनें। अधिक सहायता सफलता बढ़ाती है लेकिन अधिक सहभागिता चाहिए।,FARMER_KNOWLEDGE,ALL,MEDIUM,,"support_level_general IN (INTENSIVE,MODERATE,MINIMAL,SELF)",FALSE,TRUE,70,v1.0
ADV_I5_005,I5,Support & Extension Access,trainer_willingness,5,Would you be willing to train other farmers if AWD succeeds for you?,यदि AWD आपके लिए सफल होता है तो क्या आप अन्य किसानों को प्रशिक्षित करने को तैयार होंगे?,yes_no,,Farmer-to-farmer training is most effective for scaling.,स्केलिंग के लिए किसान-से-किसान प्रशिक्षण सबसे प्रभावी है।,FARMER_KNOWLEDGE,AWD,LOW,,"trainer IN (YES,MAYBE,NO)",FALSE,TRUE,45,v1.0
ADV_I5_006,I5,Support & Extension Access,preferred_support_mode,6,What is your preferred mode of ongoing support during implementation?,क्रियान्वयन के दौरान आपका पसंदीदा सहायता तरीका क्या है?,categorical_direct,,This determines how we deliver support to you.,यह निर्धारित करता है कि हम आपको सहायता कैसे प्रदान करें।,FARMER_KNOWLEDGE,ALL,MEDIUM,,"support_mode IN (FIELD_VISITS,PHONE_WHATSAPP,GROUP_MEETINGS,SELF_DIGITAL,MIXED)",FALSE,TRUE,70,v1.1
ADV_D2_007_FU_SOURCECHECK,D2,Water & Infrastructure,erw_source_proximity,71,"Can you find out the nearest quarry or stone-crusher from a neighbour, trader, or local government?","क्या आप किसी पड़ोसी, व्यापारी या स्थानीय सरकार से निकटतम पत्थर-खदान या क्रशर के बारे में पता लगा सकते हैं?",categorical_direct,,"Ask local stone traders, MNREGA/PWD office, or nearby construction sites.","स्थानीय पत्थर व्यापारियों, MNREGA/PWD कार्यालय या निकटतम निर्माण स्थल से पूछें।",FARMER_KNOWLEDGE,ERW,LOW,,,FALSE,TRUE,30,v1.0
ADV_D2_008_FU_SUPPLIER,D2,Water & Infrastructure,biochar_source,81,"Can you check with local input dealers, cooperatives, or agricultural extension about biochar availability?","क्या आप स्थानीय इनपुट डीलरों, सहकारी समितियों या कृषि विस्तार से बायोचार की उपलब्धता के बारे में पूछ सकते हैं?",categorical_direct,,"Local Krishi Seva Kendra, PAC dealers, or state agriculture department may know.","स्थानीय कृषि सेवा केंद्र, PAC डीलर या राज्य कृषि विभाग जानकारी दे सकते हैं।",FARMER_KNOWLEDGE,BIOCHAR,LOW,,,FALSE,TRUE,30,v1.0
ADV_D2_009_FU_OPTIONS,D2,Water & Infrastructure,biochar_sourcing,91,"Our team will help explore biochar sourcing options. For now, which would you prefer if available: buy ready biochar, use a shared unit, or make it on-farm?","हमारी टीम बायोचार सोर्सिंग विकल्प खोजने में मदद करेगी। अभी के लिए, यदि उपलब्ध हो तो आप क्या पसंद करेंगे: तैयार बायोचार खरीदें, साझा इकाई का उपयोग करें, या खेत पर बनाएं?",categorical_direct,,Choose the option that best matches your resources and preference.,वह विकल्प चुनें जो आपके संसाधनों और प्राथमिकता से सबसे अच्छी तरह मेल खाता हो।,FARMER_KNOWLEDGE,BIOCHAR,LOW,,,FALSE,TRUE,25,v1.0
ADV_D4_005_FU_LEGAL,D4,Legal & Commitment,legal_restriction,51,"What type of legal restriction exists — canal water rules, irrigation cooperative rules, or land dispute?","किस प्रकार की कानूनी बाधा है — नहर जल नियम, सिंचाई सहकारिता के नियम, या भूमि विवाद?",categorical_direct,,Identify the specific restriction type to assess whether it can be resolved.,विशिष्ट बाधा प्रकार पहचानें यह जांचने के लिए कि इसे हल किया जा सकता है या नहीं।,DOCUMENT_REVIEW,AWD|REGEN|BIOCHAR|ERW,HIGH,,,FALSE,TRUE,80,v1.0
ADV_D4_005_FU_LEGALCHECK,D4,Legal & Commitment,legal_restriction,52,Would you be willing to check with the local Patwari or irrigation department to confirm if there are restrictions?,क्या आप स्थानीय पटवारी या सिंचाई विभाग से यह जांचने के लिए संपर्क करेंगे कि कोई प्रतिबंध है या नहीं?,categorical_direct,,Legal verification step — needed before formal enrollment.,कानूनी सत्यापन चरण — औपचारिक नामांकन से पहले आवश्यक।,DOCUMENT_REVIEW,AWD|REGEN|BIOCHAR|ERW,MEDIUM,YES,"answer IN (YES,NO,MAYBE)",FALSE,TRUE,60,v1.0
ADV_D6_004_FU_HISTORY,D6,Scale & Carbon Context,previous_carbon,41,"Which project or program were you enrolled in, and what carbon methodology was used?","आप किस परियोजना या कार्यक्रम में नामांकित थे, और कौन सी कार्बन पद्धति का उपयोग किया गया था?",text_open,,"Name of program, implementing agency, and duration. This helps check for double-counting risk.","कार्यक्रम का नाम, कार्यान्वयन एजेंसी और अवधि। यह डबल-काउंटिंग जोखिम की जांच में मदद करता है।",DOCUMENT_REVIEW,ALL,MEDIUM,,,FALSE,TRUE,70,v1.0
ADV_D6_005_FU_DATE,D6,Scale & Carbon Context,season_start,52,Can you share approximate month/year when you expect the next season to begin?,क्या आप अनुमानित महीना/वर्ष साझा कर सकते हैं जब अगला सीज़न शुरू होने की उम्मीद है?,text_open,month-year,"Month and year expected. E.g. ""June 2025"" or ""Kharif 2025"".","अपेक्षित महीना और वर्ष। जैसे ""जून 2025"" या ""खरीफ 2025""।",FARMER_KNOWLEDGE,ALL,LOW,,,FALSE,TRUE,30,v1.0
ADV_D8_001_FU_SPEC,D8,ERW Pathway,erw_material_type,12,Can you get a sample or receipt from the supplier showing the rock type or mineral content?,क्या आप आपूर्तिकर्ता से नमूना या रसीद प्राप्त कर सकते हैं जो चट्टान का प्रकार या खनिज सामग्री दिखाता हो?,categorical_direct,,"Ask for a dispatch challan, lab test report, or supplier certificate. Basalt must be confirmed.","डिस्पैच चालान, लैब टेस्ट रिपोर्ट, या आपूर्तिकर्ता प्रमाण पत्र मांगें। बेसाल्ट की पुष्टि होनी चाहिए।",DOCUMENT_REVIEW,ERW,HIGH,,,TRUE,TRUE,85,v1.0
ADV_D8_002_FU_PHOTO,D8,ERW Pathway,erw_particle_fineness,22,Can you take a photo of the rock dust material showing the particle size/texture?,क्या आप चट्टान धूल सामग्री की एक फोटो ले सकते हैं जो कण आकार/बनावट दिखाती हो?,categorical_direct,,Photo should show a handful of material on a dark surface. Powder (like flour) = fine. Gritty = coarse.,फोटो में हाथ में सामग्री गहरी सतह पर दिखाएं। आटे जैसा = बारीक। दानेदार = मोटा।,PHOTO_EVIDENCE,ERW,HIGH,,,TRUE,TRUE,80,v1.0
ADV_D8_003_FU_EQUIP,D8,ERW Pathway,erw_incorporation_capacity,32,"What equipment is available for incorporation? (tractor hire, power tiller, etc.)","मिश्रण के लिए कौन सा उपकरण उपलब्ध है? (ट्रैक्टर किराये पर, पावर टिलर आदि)",categorical_direct,,Incorporation quality affects ERW efficiency. Even hired tractor helps.,मिश्रण गुणवत्ता ERW दक्षता को प्रभावित करती है। किराए का ट्रैक्टर भी काम करता है।,FARMER_KNOWLEDGE,ERW,MEDIUM,,,FALSE,TRUE,65,v1.0
ADV_D9_002_FU_COUNSEL,D9,Digital Readiness & MRV,program_engagement,22,"What would help you decide to enroll — more information, a demo visit, or peer farmer introduction?","नामांकन तय करने में क्या मदद करेगा — अधिक जानकारी, प्रदर्शनी दौरा, या किसान-साथी का परिचय?",categorical_direct,,Understanding the barrier helps tailor program engagement.,बाधा समझने से कार्यक्रम जुड़ाव अनुकूलित करने में मदद मिलती है।,FARMER_KNOWLEDGE,ALL,MEDIUM,,,FALSE,TRUE,60,v1.0
ADV_D9_006_FU_SIMPLEMRV,D9,Digital Readiness & MRV,mrv_support,62,Would a simplified record system (photos + voice notes + team visits) work for you?,क्या एक सरल रिकॉर्ड प्रणाली (फोटो + वॉयस नोट्स + टीम दौरे) आपके लिए काम करेगी?,categorical_direct,,Simplified MRV may be acceptable with project support.,प्रोजेक्ट सपोर्ट के साथ सरलीकृत MRV स्वीकार्य हो सकती है।,FARMER_KNOWLEDGE,BIOCHAR,MEDIUM,,,FALSE,TRUE,55,v1.0
ADV_D10_002_FU_OTHERUSE,D10,Biochar Pathway,bio_residue_baseline,62,Please describe how you currently use the residues (straw/husk/stalks)?,कृपया बताएं आप वर्तमान में अवशेषों (पुआल/भूसी/डंठल) का उपयोग कैसे करते हैं?,text_open,,Describe the current use. This helps assess diversion feasibility.,वर्तमान उपयोग का वर्णन करें। यह विपथन व्यवहार्यता का आकलन करने में मदद करता है।,FARMER_KNOWLEDGE,BIOCHAR,LOW,,,FALSE,TRUE,30,v1.0
ADV_D10_004_FU_TRAINING,D10,Biochar Pathway,biochar_application_readiness,42,Would a demonstration on biochar mixing and application help you decide on the method?,क्या बायोचार मिश्रण और अनुप्रयोग पर प्रदर्शनी आपको विधि तय करने में मदद करेगी?,categorical_direct,,Training demos significantly improve application confidence.,प्रशिक्षण प्रदर्शनी अनुप्रयोग आत्मविश्वास को काफी बेहतर करती है।,FARMER_KNOWLEDGE,BIOCHAR,MEDIUM,,,FALSE,TRUE,50,v1.0
ADV_I2_004_FU_OTHER,I2,Operational Capacity,equipment_access,42,Please describe the other equipment or tools you own that are relevant to farm operations.,कृपया अन्य उपकरण या औज़ारों का वर्णन करें जो आपके पास हैं और खेती से संबंधित हैं।,text_open,,"Unusual equipment (e.g., biochar kiln, chaff cutter) may be relevant.","असामान्य उपकरण (जैसे बायोचार किलन, चाफ कटर) प्रासंगिक हो सकते हैं।",FARMER_KNOWLEDGE,ALL,LOW,,,FALSE,TRUE,20,v1.0
